"Kod";"Nazwa";"przeciętna powierzchnia użytkowa mieszkania na 1 osobę;2013;[m2]";"przeciętna powierzchnia użytkowa mieszkania na 1 osobę;2014;[m2]";"przeciętna powierzchnia użytkowa mieszkania na 1 osobę;2015;[m2]";"przeciętna powierzchnia użytkowa mieszkania na 1 osobę;2016;[m2]";"przeciętna powierzchnia użytkowa mieszkania na 1 osobę;2017;[m2]";"przeciętna powierzchnia użytkowa mieszkania na 1 osobę;2018;[m2]";"przeciętna powierzchnia użytkowa mieszkania na 1 osobę;2019;[m2]";"przeciętna powierzchnia użytkowa mieszkania na 1 osobę;2020;[m2]";"przeciętna powierzchnia użytkowa mieszkania na 1 osobę;2021;[m2]";"przeciętna powierzchnia użytkowa mieszkania na 1 osobę;2022;[m2]";"przeciętna powierzchnia użytkowa mieszkania na 1 osobę;2023;[m2]";
0201000;"Powiat bolesławiecki";26,1;26,5;26,9;27,4;27,9;28,4;29,0;30,6;31,2;31,8;32,4;
0202000;"Powiat dzierżoniowski";23,8;24,0;24,2;24,5;24,8;25,0;25,3;27,1;27,5;28,0;28,7;
0203000;"Powiat głogowski";23,0;23,2;23,4;23,7;24,0;24,5;24,8;26,4;26,9;27,4;27,9;
0204000;"Powiat górowski";24,7;25,0;25,4;25,8;26,2;26,7;27,1;28,5;29,0;29,7;30,2;
0205000;"Powiat jaworski";24,9;25,2;25,6;25,9;26,2;26,7;27,1;28,1;28,7;29,4;29,9;
0206000;"Powiat karkonoski";29,8;30,5;31,2;31,6;32,3;32,9;33,4;35,5;36,1;36,8;37,7;
0207000;"Powiat kamiennogórski";23,6;23,9;24,2;24,4;24,6;25,0;25,3;26,6;27,2;27,7;28,2;
0208000;"Powiat kłodzki";26,2;26,5;26,9;27,3;27,6;27,9;28,4;30,0;30,7;31,4;32,0;
0209000;"Powiat legnicki";26,8;27,2;27,6;27,9;28,3;28,7;29,2;31,1;31,6;32,2;32,8;
0210000;"Powiat lubański";25,4;25,7;26,1;26,4;26,7;27,1;27,5;28,7;29,2;29,7;30,3;
0211000;"Powiat lubiński";24,5;24,9;25,2;25,6;25,8;26,2;26,7;28,8;29,2;29,7;30,4;
0212000;"Powiat lwówecki";26,9;27,3;27,6;27,9;28,1;28,4;28,7;30,4;30,9;31,2;31,6;
0213000;"Powiat milicki";25,3;25,6;26,0;26,3;26,5;26,9;27,3;28,7;29,2;29,7;30,4;
0214000;"Powiat oleśnicki";25,1;25,5;25,9;26,3;26,7;27,2;27,8;29,3;30,0;30,7;31,4;
0215000;"Powiat oławski";25,8;26,1;26,6;26,9;27,4;28,0;28,6;29,7;30,4;31,3;31,8;
0216000;"Powiat polkowicki";23,8;24,1;24,5;24,8;25,3;25,6;26,1;28,2;28,7;29,1;29,5;
0217000;"Powiat strzeliński";26,2;26,6;27,0;27,4;27,8;28,3;28,8;30,0;30,4;31,0;31,7;
0218000;"Powiat średzki";28,1;28,7;29,3;29,7;30,1;30,6;31,0;32,4;32,9;33,7;34,7;
0219000;"Powiat świdnicki";24,8;25,2;25,5;25,8;26,2;26,6;27,0;28,4;28,9;29,6;30,1;
0220000;"Powiat trzebnicki";28,0;28,4;28,8;29,1;29,4;29,7;30,3;32,0;32,7;33,3;33,8;
0221000;"Powiat wałbrzyski";24,9;25,1;25,5;25,7;26,0;26,3;26,6;28,3;28,7;29,1;29,5;
0222000;"Powiat wołowski";25,2;25,5;25,8;26,1;26,3;26,6;27,1;28,6;29,0;29,5;30,0;
0223000;"Powiat wrocławski";36,8;37,4;38,0;38,7;39,2;39,7;40,3;38,7;39,1;40,0;40,4;
0224000;"Powiat ząbkowicki";26,7;27,0;27,4;27,7;28,1;28,5;29,0;30,6;31,1;31,8;32,2;
0225000;"Powiat zgorzelecki";25,3;25,7;26,0;26,3;26,7;26,9;27,4;29,0;29,5;30,1;30,6;
0226000;"Powiat złotoryjski";25,2;25,5;25,8;26,1;26,4;26,7;27,1;28,6;29,2;29,7;30,1;
0261000;"Powiat m. Jelenia Góra";27,4;27,7;28,0;28,3;28,6;29,0;29,4;30,9;31,5;32,1;32,5;
0262000;"Powiat m. Legnica";25,6;25,9;26,2;26,4;26,7;27,2;27,7;29,4;30,1;30,6;31,2;
0264000;"Powiat m. Wrocław";32,5;32,9;33,4;34,1;34,9;35,6;36,4;31,9;32,6;33,4;34,1;
0265000;"Powiat m. Wałbrzych od 2013";23,1;23,4;23,7;23,9;24,1;24,4;24,8;26,5;27,0;27,4;27,9;
0401000;"Powiat aleksandrowski";27,8;28,0;28,3;28,7;29,0;29,3;29,7;30,5;31,0;31,6;32,2;
0402000;"Powiat brodnicki";25,0;25,3;25,7;26,0;26,4;26,9;27,3;28,1;28,6;29,2;29,6;
0403000;"Powiat bydgoski";29,1;29,4;29,9;30,4;30,8;31,3;31,8;33,2;33,7;34,7;35,3;
0404000;"Powiat chełmiński";22,1;22,3;22,7;23,0;23,2;23,5;23,9;24,7;25,2;25,7;26,2;
0405000;"Powiat golubsko-dobrzyński";24,1;24,4;24,7;25,0;25,4;25,7;25,9;26,2;26,7;27,1;27,8;
0406000;"Powiat grudziądzki";24,2;24,5;24,7;25,1;25,4;25,9;26,3;27,5;28,0;28,8;29,3;
0407000;"Powiat inowrocławski";22,3;22,5;22,8;23,0;23,4;23,6;24,0;25,5;26,0;26,5;26,9;
0408000;"Powiat lipnowski";22,3;22,6;22,9;23,3;23,5;23,9;24,3;25,3;25,7;26,2;26,7;
0409000;"Powiat mogileński";23,6;23,9;24,2;24,5;24,8;25,1;25,5;26,9;27,4;28,0;28,5;
0410000;"Powiat nakielski";21,2;21,5;21,7;22,1;22,4;22,7;23,1;24,9;25,4;26,0;26,6;
0411000;"Powiat radziejowski";25,3;25,5;25,8;26,1;26,4;26,7;27,1;27,9;28,4;29,0;29,6;
0412000;"Powiat rypiński";23,3;23,6;23,9;24,2;24,5;24,9;25,4;26,3;27,0;27,6;28,1;
0413000;"Powiat sępoleński";21,8;22,1;22,3;22,6;22,8;23,3;23,6;24,5;25,0;25,5;26,0;
0414000;"Powiat świecki";23,2;23,5;23,7;24,0;24,3;24,6;24,9;26,4;26,9;27,6;28,2;
0415000;"Powiat toruński";25,6;26,0;26,3;26,8;27,1;27,5;27,9;29,8;30,1;30,7;31,3;
0416000;"Powiat tucholski";24,1;24,3;24,5;24,8;25,0;25,4;25,7;27,2;27,6;28,0;28,6;
0417000;"Powiat wąbrzeski";23,2;23,5;23,7;24,0;24,3;24,5;24,9;25,8;26,2;26,7;27,3;
0418000;"Powiat włocławski";25,1;25,4;25,8;26,1;26,4;26,8;27,3;28,1;28,7;29,3;29,8;
0419000;"Powiat żniński";22,3;22,6;22,9;23,2;23,5;23,9;24,3;26,1;26,7;27,4;28,0;
0461000;"Powiat m. Bydgoszcz";23,5;23,8;24,1;24,4;24,7;25,0;25,4;26,7;27,2;27,8;28,5;
0462000;"Powiat m. Grudziądz";22,3;22,5;22,9;23,1;23,5;23,8;24,2;26,0;26,5;27,0;27,6;
0463000;"Powiat m. Toruń";24,7;25,0;25,4;25,7;26,0;26,4;26,9;28,3;28,8;29,5;30,2;
0464000;"Powiat m. Włocławek";22,3;22,6;22,8;23,0;23,3;23,7;24,0;25,4;25,9;26,6;27,1;
0601000;"Powiat bialski";28,4;28,9;29,3;29,6;30,1;30,5;31,0;31,9;32,6;33,3;33,9;
0602000;"Powiat biłgorajski";26,6;27,0;27,4;27,7;28,1;28,5;29,0;29,6;30,2;30,7;31,3;
0603000;"Powiat chełmski";26,8;27,0;27,3;27,6;28,0;28,4;28,7;29,5;30,0;30,6;31,1;
0604000;"Powiat hrubieszowski";26,1;26,4;26,8;27,2;27,6;28,0;28,5;29,6;30,2;30,8;31,3;
0605000;"Powiat janowski";25,9;26,1;26,4;26,7;27,1;27,4;27,8;28,8;29,3;29,8;30,2;
0606000;"Powiat krasnostawski";29,1;29,4;29,8;30,3;30,7;31,0;31,5;31,7;32,3;32,8;33,3;
0607000;"Powiat kraśnicki";25,9;26,2;26,5;26,9;27,1;27,4;27,7;28,9;29,4;29,9;30,3;
0608000;"Powiat lubartowski";27,2;27,6;27,9;28,3;28,6;29,0;29,4;30,8;31,5;32,0;32,5;
0609000;"Powiat lubelski";30,6;31,1;31,6;32,0;32,4;32,9;33,4;34,3;34,8;35,4;35,9;
0610000;"Powiat łęczyński";25,1;25,5;25,9;26,3;26,6;26,9;27,3;29,1;29,5;30,0;30,5;
0611000;"Powiat łukowski";24,8;25,2;25,5;25,9;26,3;26,7;27,2;29,4;29,8;30,3;30,9;
0612000;"Powiat opolski";25,8;26,1;26,5;26,8;27,1;27,5;27,9;29,2;29,6;30,1;30,6;
0613000;"Powiat parczewski";27,9;28,3;28,7;29,0;29,5;29,8;30,2;30,9;31,6;32,3;32,9;
0614000;"Powiat puławski";26,3;26,6;26,9;27,3;27,7;28,1;28,5;30,2;30,8;31,3;31,8;
0615000;"Powiat radzyński";27,3;27,7;28,0;28,4;28,8;29,2;29,6;30,6;31,3;31,9;32,3;
0616000;"Powiat rycki";26,6;26,9;27,2;27,5;27,8;28,3;28,5;30,1;30,6;31,1;31,5;
0617000;"Powiat świdnicki";25,1;25,4;25,7;26,1;26,4;26,8;27,2;28,5;29,1;29,7;30,3;
0618000;"Powiat tomaszowski";27,4;27,7;28,0;28,3;28,6;29,0;29,4;30,6;31,1;31,6;32,1;
0619000;"Powiat włodawski";26,9;27,2;27,6;28,0;28,4;28,8;29,3;30,5;31,1;31,7;32,4;
0620000;"Powiat zamojski";29,5;29,9;30,2;30,6;30,9;31,4;31,9;32,6;33,3;33,9;34,4;
0661000;"Powiat m. Biała Podlaska";25,9;26,3;26,6;27,0;27,4;27,9;28,3;30,1;30,7;31,3;31,8;
0662000;"Powiat m. Chełm";24,3;24,7;25,0;25,3;25,6;25,9;26,4;27,7;28,2;28,8;29,3;
0663000;"Powiat m. Lublin";25,1;25,5;26,0;26,4;26,9;27,4;27,8;29,0;29,6;30,2;31,0;
0664000;"Powiat m. Zamość";24,1;24,3;24,6;24,9;25,1;25,6;26,0;27,7;28,3;29,0;29,6;
0801000;"Powiat gorzowski";26,8;27,0;27,4;27,7;28,0;28,4;29,0;30,4;30,6;30,9;31,5;
0802000;"Powiat krośnieński";25,3;25,7;26,0;26,3;26,7;27,2;27,6;28,5;28,9;29,5;30,0;
0803000;"Powiat międzyrzecki";25,3;25,6;25,8;26,1;26,4;26,6;27,1;28,4;29,0;29,5;30,2;
0804000;"Powiat nowosolski";23,8;24,1;24,4;24,7;25,0;25,4;25,9;27,5;28,1;28,7;29,4;
0805000;"Powiat słubicki";24,6;24,9;25,2;25,5;25,9;26,2;26,7;28,6;29,1;29,8;30,4;
0806000;"Powiat strzelecko-drezdenecki";23,8;24,2;24,5;24,8;25,2;25,6;26,0;26,9;27,4;28,1;28,5;
0807000;"Powiat sulęciński";26,5;26,8;27,3;27,6;27,9;28,2;28,6;30,0;30,6;31,2;32,1;
0808000;"Powiat świebodziński";25,2;25,5;25,8;26,1;26,4;26,7;27,1;28,2;28,5;29,2;29,8;
0809000;"Powiat zielonogórski";28,4;28,9;27,0;27,4;27,7;28,1;28,7;29,5;30,2;30,8;31,4;
0810000;"Powiat żagański";24,8;25,0;25,3;25,6;25,9;26,2;26,5;27,8;28,3;28,8;29,4;
0811000;"Powiat żarski";24,5;24,8;25,1;25,3;25,6;26,1;26,5;27,8;28,3;28,9;29,4;
0812000;"Powiat wschowski";25,7;26,0;26,4;26,7;27,2;27,6;28,1;29,1;29,6;30,3;30,8;
0861000;"Powiat m. Gorzów Wielkopolski";26,2;26,5;26,8;27,0;27,2;27,7;28,0;27,6;28,6;29,3;29,9;
0862000;"Powiat m. Zielona Góra";26,9;27,2;29,1;29,5;30,1;30,6;31,0;31,0;31,7;32,7;33,3;
1001000;"Powiat bełchatowski";27,3;27,7;28,1;28,5;28,8;29,1;29,5;31,4;31,9;32,5;33,0;
1002000;"Powiat kutnowski";24,2;24,6;24,9;25,3;25,6;26,1;26,5;27,7;28,4;29,1;29,7;
1003000;"Powiat łaski";28,7;29,1;29,5;29,8;30,1;30,5;31,0;32,5;33,1;33,5;34,0;
1004000;"Powiat łęczycki";26,3;26,7;26,9;27,2;27,4;27,8;28,1;28,7;29,2;29,6;30,0;
1005000;"Powiat łowicki";28,9;29,2;29,6;29,9;30,2;30,5;31,0;32,0;32,6;33,0;33,5;
1006000;"Powiat łódzki wschodni";31,6;32,0;32,4;32,7;33,1;33,3;33,8;35,8;36,3;36,9;37,5;
1007000;"Powiat opoczyński";25,8;26,1;26,5;26,8;27,2;27,6;28,0;29,6;30,0;30,5;31,0;
1008000;"Powiat pabianicki";27,8;28,1;28,5;29,0;29,4;29,8;30,3;31,5;32,1;32,7;33,4;
1009000;"Powiat pajęczański";27,1;27,4;27,7;28,0;28,3;28,8;29,2;31,1;31,5;32,0;32,6;
1010000;"Powiat piotrkowski";28,2;28,6;29,0;29,4;29,7;30,1;30,4;31,9;32,5;33,0;33,5;
1011000;"Powiat poddębicki";29,4;29,7;30,1;30,4;30,9;31,3;31,6;33,1;33,9;34,5;35,2;
1012000;"Powiat radomszczański";27,6;28,0;28,3;28,8;29,1;29,6;30,1;31,5;32,2;32,9;33,5;
1013000;"Powiat rawski";25,3;25,6;26,0;26,3;26,6;27,0;27,3;28,9;29,4;29,9;30,4;
1014000;"Powiat sieradzki";26,1;26,3;26,5;26,8;27,1;27,4;27,7;29,8;30,3;30,8;31,4;
1015000;"Powiat skierniewicki";28,3;28,7;29,1;29,4;29,6;30,0;30,5;31,4;31,9;32,5;32,9;
1016000;"Powiat tomaszowski";26,1;26,5;26,8;27,2;27,5;27,9;28,3;29,8;30,4;30,9;31,6;
1017000;"Powiat wieluński";27,7;27,9;28,3;28,6;28,9;29,4;29,8;31,6;32,1;32,8;33,4;
1018000;"Powiat wieruszowski";29,3;29,7;30,0;30,3;30,8;31,2;31,6;32,3;32,9;33,5;33,9;
1019000;"Powiat zduńskowolski";25,1;25,3;25,6;26,0;26,4;26,8;27,2;29,0;29,5;30,1;30,8;
1020000;"Powiat zgierski";27,4;27,8;28,2;28,7;29,1;29,5;29,9;31,7;32,2;32,8;33,3;
1021000;"Powiat brzeziński";28,6;28,9;29,4;29,9;30,2;30,7;31,2;32,4;32,7;33,3;33,9;
1061000;"Powiat m. Łódź";26,3;26,7;27,1;27,5;28,0;28,5;29,1;30,2;30,9;31,7;32,5;
1062000;"Powiat m. Piotrków Trybunalski";24,9;25,2;25,6;25,9;26,2;26,6;27,2;28,8;29,5;30,5;31,2;
1063000;"Powiat m. Skierniewice";26,5;26,7;27,0;27,2;27,4;27,8;28,3;30,2;30,8;31,8;32,2;
1201000;"Powiat bocheński";26,1;26,5;26,8;27,1;27,6;27,9;28,2;29,4;30,0;30,4;30,9;
1202000;"Powiat brzeski";25,8;26,1;26,4;26,8;27,4;27,6;28,0;29,1;29,6;30,1;30,6;
1203000;"Powiat chrzanowski";25,0;25,4;25,7;26,0;26,3;26,6;27,0;28,9;29,5;30,0;30,5;
1204000;"Powiat dąbrowski";24,4;24,8;25,1;25,4;25,8;26,1;26,5;26,9;27,3;27,9;28,3;
1205000;"Powiat gorlicki";23,1;23,5;23,8;24,2;24,6;25,0;25,5;26,6;27,1;27,6;28,1;
1206000;"Powiat krakowski";29,4;29,9;30,3;30,8;31,2;31,7;32,1;35,2;35,5;35,8;36,1;
1207000;"Powiat limanowski";22,6;23,0;23,5;23,9;24,5;24,9;25,3;26,2;26,6;27,3;27,8;
1208000;"Powiat miechowski";27,6;27,8;28,2;28,4;28,7;29,0;29,4;31,1;31,4;31,9;32,3;
1209000;"Powiat myślenicki";25,0;25,4;25,7;26,0;26,4;26,7;27,2;29,8;30,3;30,9;31,4;
1210000;"Powiat nowosądecki";22,0;22,2;22,4;22,6;22,6;22,6;22,7;27,2;27,4;27,8;28,2;
1211000;"Powiat nowotarski";24,6;25,0;25,4;25,8;26,2;26,6;27,0;28,8;29,3;29,8;30,3;
1212000;"Powiat olkuski";25,3;25,7;26,1;26,3;26,7;27,1;27,6;29,2;29,8;30,3;31,0;
1213000;"Powiat oświęcimski";25,3;25,6;25,9;26,3;26,7;27,1;27,5;28,7;29,3;29,9;30,5;
1214000;"Powiat proszowicki";29,0;29,3;29,6;30,0;30,3;30,6;31,1;31,4;31,9;32,5;33,0;
1215000;"Powiat suski";26,2;26,5;27,0;27,4;28,0;28,6;29,2;30,8;31,4;32,1;32,7;
1216000;"Powiat tarnowski";24,2;24,7;25,1;25,5;25,9;26,3;26,7;28,0;28,5;29,0;29,6;
1217000;"Powiat tatrzański";32,1;32,5;33,0;33,4;33,7;34,1;34,8;36,3;36,8;37,3;37,9;
1218000;"Powiat wadowicki";25,1;25,4;25,8;26,2;26,7;27,1;27,5;28,8;29,3;29,8;30,3;
1219000;"Powiat wielicki";29,1;29,5;29,8;30,1;30,3;30,7;31,2;32,9;33,5;34,2;34,7;
1261000;"Powiat m. Kraków";26,3;26,8;27,3;27,8;28,6;29,1;29,8;31,1;31,5;32,3;32,8;
1262000;"Powiat m. Nowy Sącz";25,6;25,9;26,2;26,4;26,7;27,1;27,4;29,3;29,7;30,0;30,4;
1263000;"Powiat m. Tarnów";24,1;24,4;24,8;25,1;25,4;25,7;26,1;27,1;27,7;28,3;28,8;
1401000;"Powiat białobrzeski";28,2;28,6;28,9;29,3;29,6;29,9;30,4;30,5;31,1;31,6;32,1;
1402000;"Powiat ciechanowski";25,5;25,9;26,2;26,5;26,8;27,3;27,8;29,2;29,8;30,4;31,0;
1403000;"Powiat garwoliński";27,6;27,9;28,2;28,6;29,0;29,5;30,0;30,9;31,5;32,2;32,8;
1404000;"Powiat gostyniński";25,4;25,7;26,1;26,5;27,0;27,3;27,7;27,9;28,5;29,0;29,7;
1405000;"Powiat grodziski";33,9;34,6;35,2;35,6;36,0;36,6;37,0;37,5;38,1;39,0;39,8;
1406000;"Powiat grójecki";28,9;29,2;29,6;30,1;30,5;31,0;31,5;32,0;32,6;33,3;33,9;
1407000;"Powiat kozienicki";26,9;27,3;27,9;28,3;28,8;29,2;29,9;30,6;31,2;31,9;32,5;
1408000;"Powiat legionowski";32,5;32,8;33,2;33,7;34,4;35,1;35,8;36,7;37,4;38,1;38,8;
1409000;"Powiat lipski";29,4;29,8;30,2;30,7;31,2;31,7;32,2;31,4;32,1;32,7;33,3;
1410000;"Powiat łosicki";29,6;29,9;30,4;30,8;31,2;31,7;32,3;32,6;33,3;34,1;35,0;
1411000;"Powiat makowski";26,4;26,7;27,2;27,6;27,9;28,4;28,9;30,6;31,2;31,9;32,5;
1412000;"Powiat miński";28,2;28,5;28,9;29,1;29,5;29,9;30,3;32,2;32,7;33,2;33,9;
1413000;"Powiat mławski";25,5;25,8;26,2;26,5;26,8;27,1;27,7;28,9;29,7;30,2;31,0;
1414000;"Powiat nowodworski";26,9;27,2;27,8;28,3;28,5;29,0;29,4;31,4;32,0;32,6;33,2;
1415000;"Powiat ostrołęcki";26,5;26,9;27,4;27,8;28,1;28,5;29,1;29,8;30,4;31,1;31,6;
1416000;"Powiat ostrowski";26,1;26,4;26,6;27,0;27,3;27,7;28,1;29,9;30,4;31,1;31,6;
1417000;"Powiat otwocki";30,5;30,8;31,2;31,6;31,9;32,2;32,5;34,2;34,7;35,2;35,7;
1418000;"Powiat piaseczyński";38,2;38,4;38,7;39,1;39,4;39,9;40,4;41,2;41,6;42,4;43,3;
1419000;"Powiat płocki";27,8;28,2;28,7;29,1;29,6;30,0;30,4;30,6;31,1;31,6;32,1;
1420000;"Powiat płoński";25,7;26,0;26,3;26,7;27,1;27,4;27,9;29,3;29,9;30,4;31,0;
1421000;"Powiat pruszkowski";32,9;33,0;33,2;33,5;33,9;34,3;34,9;36,9;37,5;38,5;39,6;
1422000;"Powiat przasnyski";24,0;24,2;24,6;24,9;25,3;25,5;25,9;28,0;28,5;29,2;29,8;
1423000;"Powiat przysuski";26,0;26,2;26,6;26,9;27,3;27,6;28,2;28,5;29,1;29,6;30,2;
1424000;"Powiat pułtuski";28,8;29,1;29,3;29,6;29,9;30,2;30,6;31,1;31,6;32,1;32,8;
1425000;"Powiat radomski";23,8;24,2;24,6;25,0;25,3;25,7;26,1;27,1;27,8;28,4;28,9;
1426000;"Powiat siedlecki";27,8;28,1;28,5;28,8;29,3;29,7;30,0;31,5;32,0;32,5;33,1;
1427000;"Powiat sierpecki";24,0;24,3;24,6;24,9;25,2;25,8;26,2;27,4;27,9;28,6;29,1;
1428000;"Powiat sochaczewski";26,4;26,7;26,9;27,2;27,6;27,9;28,3;29,8;30,2;30,7;31,1;
1429000;"Powiat sokołowski";30,0;30,6;30,9;31,2;31,7;32,2;32,7;32,8;33,5;34,2;35,0;
1430000;"Powiat szydłowiecki";24,1;24,4;24,8;25,2;25,8;26,3;26,8;27,5;28,1;28,7;29,2;
1432000;"Powiat warszawski zachodni";39,5;40,1;40,7;41,2;42,0;42,5;43,4;42,0;42,3;43,2;43,7;
1433000;"Powiat węgrowski";28,6;28,9;29,3;29,6;30,0;30,5;30,9;32,5;33,2;33,7;34,4;
1434000;"Powiat wołomiński";28,5;28,8;29,2;29,5;29,7;29,7;30,2;31,8;32,4;33,0;33,6;
1435000;"Powiat wyszkowski";25,6;25,9;26,2;26,6;27,1;27,5;27,9;29,7;30,3;31,1;31,8;
1436000;"Powiat zwoleński";26,5;26,9;27,3;27,6;28,0;28,5;29,0;28,6;29,3;29,8;30,3;
1437000;"Powiat żuromiński";25,5;25,9;26,1;26,5;26,9;27,3;27,7;28,4;28,9;29,4;30,2;
1438000;"Powiat żyrardowski";25,9;26,3;26,8;27,1;27,6;28,1;28,8;30,3;31,0;31,6;32,5;
1461000;"Powiat m. Ostrołęka";24,9;25,2;25,5;25,9;26,2;26,5;27,1;28,2;28,9;29,8;30,5;
1462000;"Powiat m. Płock";23,8;24,3;24,5;24,9;25,2;25,6;26,0;27,4;28,0;28,5;29,2;
1463000;"Powiat m. Radom";22,6;22,9;23,2;23,5;23,9;24,3;24,7;26,9;27,5;28,2;28,8;
1464000;"Powiat m. Siedlce";25,3;25,6;26,0;26,4;26,6;26,9;27,4;29,0;29,5;30,2;30,6;
1465000;"Powiat m. st. Warszawa";30,2;30,5;30,8;31,3;31,8;32,4;32,8;32,6;33,0;33,5;34,1;
1601000;"Powiat brzeski";25,1;25,4;25,8;26,1;26,4;26,7;27,1;28,4;28,9;29,4;30,0;
1602000;"Powiat głubczycki";27,8;28,0;28,3;28,7;28,9;29,2;29,6;30,4;30,7;31,3;31,7;
1603000;"Powiat kędzierzyńsko-kozielski";28,0;28,2;28,5;28,8;29,0;29,4;29,7;31,4;32,0;32,5;33,0;
1604000;"Powiat kluczborski";25,8;26,1;26,4;26,7;26,9;27,3;27,7;29,1;29,5;30,0;30,5;
1605000;"Powiat krapkowicki";28,0;28,3;28,5;28,8;29,0;29,3;29,6;31,5;32,0;32,5;32,9;
1606000;"Powiat namysłowski";26,9;27,4;27,8;28,2;28,6;29,1;29,6;30,3;30,8;31,3;31,8;
1607000;"Powiat nyski";26,3;26,7;27,0;27,3;27,6;27,9;28,3;29,3;30,0;30,6;31,2;
1608000;"Powiat oleski";28,5;28,7;29,0;29,3;29,6;29,9;30,2;31,0;31,4;31,7;32,3;
1609000;"Powiat opolski";30,8;31,2;31,6;31,9;31,8;32,1;32,4;33,5;33,9;34,4;34,8;
1610000;"Powiat prudnicki";30,5;30,7;31,1;31,3;31,5;31,7;32,0;32,8;33,3;33,8;34,4;
1611000;"Powiat strzelecki";27,5;27,7;28,0;28,2;28,5;28,8;29,1;29,7;30,0;30,4;30,8;
1661000;"Powiat m. Opole";27,8;28,2;28,6;28,9;29,9;30,4;31,1;31,4;32,0;32,6;33,2;
1801000;"Powiat bieszczadzki";21,7;22,1;22,5;22,9;23,3;23,5;24,0;25,8;26,3;26,8;27,5;
1802000;"Powiat brzozowski";22,7;23,1;23,4;23,8;24,1;24,4;24,8;26,0;26,4;26,9;27,4;
1803000;"Powiat dębicki";22,7;23,1;23,4;23,7;24,1;24,5;24,9;26,5;27,2;27,9;28,3;
1804000;"Powiat jarosławski";23,9;24,3;24,6;24,9;25,2;25,6;25,9;26,9;27,5;27,9;28,3;
1805000;"Powiat jasielski";22,8;23,0;23,3;23,5;23,8;24,0;24,3;26,2;26,6;26,9;27,2;
1806000;"Powiat kolbuszowski";22,9;23,2;23,5;23,8;24,3;24,5;24,9;26,7;27,1;27,5;28,0;
1807000;"Powiat krośnieński";24,7;25,0;25,3;25,6;25,9;26,2;26,6;28,0;28,4;28,9;29,4;
1808000;"Powiat leżajski";23,3;23,5;23,8;24,1;24,3;24,6;25,0;26,4;26,8;27,3;27,7;
1809000;"Powiat lubaczowski";24,8;25,1;25,4;25,7;26,2;26,6;27,0;28,2;28,7;29,2;29,7;
1810000;"Powiat łańcucki";25,3;25,5;25,8;26,0;26,3;26,6;26,9;28,5;29,0;29,5;30,0;
1811000;"Powiat mielecki";22,9;23,2;23,5;23,9;24,2;24,6;25,0;27,1;27,6;28,2;28,7;
1812000;"Powiat niżański";25,8;26,1;26,4;26,8;27,0;27,3;27,7;29,3;29,8;30,4;30,8;
1813000;"Powiat przemyski";24,2;24,6;25,0;25,3;25,6;26,0;26,4;27,9;28,3;28,9;29,3;
1814000;"Powiat przeworski";24,9;25,3;25,6;25,9;26,3;26,6;26,9;27,9;28,3;28,8;29,3;
1815000;"Powiat ropczycko-sędziszowski";22,8;23,0;23,4;23,6;23,8;24,1;24,5;26,0;26,4;26,8;27,4;
1816000;"Powiat rzeszowski";26,2;26,5;26,8;27,3;27,6;28,0;28,3;29,7;30,2;30,6;31,1;
1817000;"Powiat sanocki";22,8;23,1;23,5;23,8;24,1;24,5;24,9;27,0;27,6;28,2;28,7;
1818000;"Powiat stalowowolski";23,3;23,6;24,0;24,3;24,7;25,2;25,6;27,3;27,9;28,5;29,0;
1819000;"Powiat strzyżowski";24,6;25,0;25,3;25,7;26,0;26,3;26,6;28,0;28,6;29,1;29,6;
1820000;"Powiat tarnobrzeski";23,6;24,0;24,3;24,6;24,9;25,2;25,6;27,2;27,7;28,1;28,6;
1821000;"Powiat leski";24,8;25,2;25,7;26,0;26,6;27,2;27,7;29,8;30,6;31,4;32,0;
1861000;"Powiat m. Krosno";25,6;26,2;26,7;27,0;27,3;27,5;28,0;29,2;29,8;30,6;31,1;
1862000;"Powiat m. Przemyśl";23,5;23,6;24,1;24,4;24,7;25,1;25,5;26,7;27,4;28,0;28,7;
1863000;"Powiat m. Rzeszów";25,5;25,8;26,5;27,3;27,9;28,4;29,1;31,9;32,6;33,5;34,2;
1864000;"Powiat m. Tarnobrzeg";22,8;23,1;23,5;23,8;24,1;24,5;25,0;26,6;27,2;27,8;28,3;
2001000;"Powiat augustowski";26,2;26,5;26,9;27,2;27,6;28,0;28,5;29,6;30,4;31,0;31,7;
2002000;"Powiat białostocki";30,6;31,2;32,0;32,6;33,2;33,9;34,5;35,0;35,7;36,6;37,2;
2003000;"Powiat bielski";31,0;31,6;32,2;32,8;33,4;34,2;34,9;36,2;37,1;38,1;39,0;
2004000;"Powiat grajewski";24,0;24,3;24,5;24,9;25,2;25,6;26,0;26,8;27,2;27,6;28,3;
2005000;"Powiat hajnowski";33,7;34,4;34,9;35,5;36,1;36,9;37,6;39,0;40,0;40,8;41,8;
2006000;"Powiat kolneński";23,1;23,5;23,8;24,2;24,6;25,1;25,7;26,6;27,1;27,6;28,1;
2007000;"Powiat łomżyński";28,5;29,0;29,4;29,8;30,3;30,8;31,3;32,0;32,6;33,2;33,8;
2008000;"Powiat moniecki";28,5;28,9;29,3;29,7;30,1;30,5;31,0;31,3;31,9;32,5;33,0;
2009000;"Powiat sejneński";30,4;30,9;31,3;31,9;32,4;32,9;33,6;33,6;34,4;35,2;35,8;
2010000;"Powiat siemiatycki";32,2;32,7;33,2;33,9;34,4;35,0;35,6;35,9;36,6;37,3;38,0;
2011000;"Powiat sokólski";28,3;28,7;29,2;29,8;30,2;30,8;31,5;31,4;32,1;32,7;33,4;
2012000;"Powiat suwalski";29,4;29,9;30,3;30,7;31,1;31,7;32,4;32,7;33,6;34,5;35,4;
2013000;"Powiat wysokomazowiecki";30,3;30,6;31,0;31,4;31,9;32,3;32,8;33,2;33,8;34,5;35,1;
2014000;"Powiat zambrowski";25,6;26,1;26,5;26,8;27,1;27,6;28,0;29,0;29,8;30,4;31,0;
2061000;"Powiat m. Białystok";25,2;25,6;26,0;26,3;26,8;27,2;27,7;28,6;29,1;29,6;30,3;
2062000;"Powiat m. Łomża";23,7;23,9;24,2;24,6;24,8;25,0;25,4;26,7;27,4;27,9;28,5;
2063000;"Powiat m. Suwałki";22,8;23,0;23,2;23,5;24,0;24,1;24,6;25,5;26,0;26,8;27,2;
2201000;"Powiat bytowski";22,3;22,5;22,7;23,0;23,1;23,3;23,7;26,4;26,9;27,4;27,7;
2202000;"Powiat chojnicki";23,7;24,1;24,4;24,7;25,1;25,5;26,0;27,7;28,3;29,0;29,5;
2203000;"Powiat człuchowski";22,8;23,2;23,4;23,7;24,0;24,3;24,7;26,5;27,0;27,5;28,0;
2204000;"Powiat gdański";28,4;28,6;29,0;29,0;29,4;29,8;30,1;31,4;31,8;32,5;32,9;
2205000;"Powiat kartuski";27,1;27,4;27,7;28,1;28,3;28,7;29,3;32,3;32,6;33,0;33,5;
2206000;"Powiat kościerski";25,3;25,6;25,9;26,2;26,4;26,7;27,1;28,3;28,7;29,4;29,9;
2207000;"Powiat kwidzyński";21,5;21,7;21,9;22,1;22,2;22,5;22,8;24,3;24,6;25,0;25,4;
2208000;"Powiat lęborski";24,1;24,4;24,7;25,1;25,3;25,8;26,4;28,7;29,2;29,9;30,6;
2209000;"Powiat malborski";22,1;22,4;22,5;22,8;23,1;23,4;23,8;25,3;25,7;26,3;26,8;
2210000;"Powiat nowodworski";28,6;28,9;29,3;29,8;30,4;30,9;31,4;32,1;32,7;33,7;34,7;
2211000;"Powiat pucki";33,3;33,6;34,2;34,8;35,4;36,0;36,8;37,0;37,6;38,6;39,5;
2212000;"Powiat słupski";24,2;24,6;25,0;25,5;25,9;26,4;27,0;29,1;29,7;30,4;31,0;
2213000;"Powiat starogardzki";23,9;24,2;24,5;24,8;25,1;25,3;25,7;27,2;27,8;28,3;28,8;
2214000;"Powiat tczewski";21,2;21,4;21,7;22,0;22,2;22,5;22,8;24,4;24,9;25,3;25,9;
2215000;"Powiat wejherowski";24,8;24,9;25,2;25,4;25,6;25,8;26,1;28,3;28,5;28,9;29,2;
2216000;"Powiat sztumski";21,3;21,5;21,7;21,9;22,2;22,6;22,8;24,3;24,7;25,2;25,5;
2261000;"Powiat m. Gdańsk";26,2;26,7;27,1;27,7;28,4;29,0;29,7;29,6;30,3;31,1;31,8;
2262000;"Powiat m. Gdynia";27,0;27,2;27,6;28,0;28,4;28,8;29,2;29,6;30,1;30,7;31,2;
2263000;"Powiat m. Słupsk";23,9;24,2;24,6;25,0;25,5;25,9;26,4;27,5;28,0;28,5;29,4;
2264000;"Powiat m. Sopot";31,7;32,1;32,5;32,9;33,4;34,0;34,5;36,5;37,1;37,7;38,4;
2401000;"Powiat będziński";28,4;28,7;29,0;29,3;29,7;30,1;30,5;31,1;31,7;32,4;32,8;
2402000;"Powiat bielski";27,6;27,8;28,0;28,3;28,6;28,8;29,1;30,9;31,2;31,7;32,3;
2403000;"Powiat cieszyński";30,3;30,6;31,0;31,3;31,7;32,1;32,5;33,6;34,2;34,8;35,4;
2404000;"Powiat częstochowski";29,5;29,8;30,2;30,6;31,1;31,6;32,1;33,5;34,0;34,6;35,3;
2405000;"Powiat gliwicki";25,2;25,5;25,8;26,2;26,5;26,9;27,3;28,8;29,3;29,8;30,3;
2406000;"Powiat kłobucki";28,9;29,2;29,5;29,9;30,2;30,5;31,0;32,2;32,7;33,2;33,6;
2407000;"Powiat lubliniecki";28,8;29,2;29,5;29,9;30,3;30,7;31,1;31,0;31,5;32,1;32,5;
2408000;"Powiat mikołowski";28,1;28,5;29,1;29,5;29,9;30,3;30,7;31,9;32,5;33,1;33,6;
2409000;"Powiat myszkowski";30,6;30,8;31,2;31,5;31,9;32,5;32,9;33,3;34,0;34,6;35,1;
2410000;"Powiat pszczyński";27,9;28,2;28,5;28,8;29,3;29,5;29,9;31,2;31,6;32,0;32,5;
2411000;"Powiat raciborski";27,4;27,6;27,8;27,9;28,1;28,4;28,6;31,1;31,6;32,1;32,6;
2412000;"Powiat rybnicki";27,2;27,3;27,5;27,8;27,9;28,2;28,5;28,9;29,3;29,7;30,1;
2413000;"Powiat tarnogórski";28,6;29,0;29,3;29,7;30,2;30,7;31,1;31,5;32,0;32,7;33,2;
2414000;"Powiat bieruńsko-lędziński";27,9;28,3;28,7;29,1;29,4;29,8;30,1;30,5;30,9;31,5;32,1;
2415000;"Powiat wodzisławski";26,8;27,0;27,3;27,6;28,0;28,4;28,8;29,8;30,3;30,9;31,4;
2416000;"Powiat zawierciański";28,9;29,2;29,6;30,0;30,3;30,8;31,3;32,9;33,5;34,1;34,8;
2417000;"Powiat żywiecki";28,1;28,4;28,8;29,1;29,5;29,9;30,5;31,7;32,4;33,1;33,7;
2461000;"Powiat m. Bielsko-Biała";27,2;27,6;27,9;28,3;28,6;29,0;29,5;30,7;31,2;32,0;32,5;
2462000;"Powiat m. Bytom";23,1;23,3;23,5;23,7;24,0;24,2;24,5;26,7;27,1;27,6;28,0;
2463000;"Powiat m. Chorzów";24,5;24,8;25,0;25,2;25,5;25,8;26,2;27,1;27,6;28,1;28,7;
2464000;"Powiat m. Częstochowa";26,0;26,3;26,7;27,1;27,6;28,0;28,5;29,8;30,5;31,3;32,1;
2465000;"Powiat m. Dąbrowa Górnicza";23,8;24,1;24,4;24,8;25,1;25,6;26,0;27,4;27,9;28,5;29,2;
2466000;"Powiat m. Gliwice";25,7;26,0;26,3;26,6;26,9;27,4;27,9;29,1;29,7;30,4;30,9;
2467000;"Powiat m. Jastrzębie-Zdrój";23,5;23,8;24,2;24,6;24,9;25,2;25,5;26,9;27,5;28,0;28,4;
2468000;"Powiat m. Jaworzno";24,6;24,9;25,2;25,6;25,9;26,4;26,8;27,9;28,5;29,1;29,6;
2469000;"Powiat m. Katowice";27,3;27,8;28,2;28,7;29,3;29,6;30,1;31,7;32,6;33,3;34,0;
2470000;"Powiat m. Mysłowice";24,8;25,1;25,4;25,8;26,1;26,5;26,9;28,8;29,3;29,8;30,3;
2471000;"Powiat m. Piekary Śląskie";23,8;24,0;24,3;24,5;24,7;25,0;25,4;26,3;26,8;27,2;27,6;
2472000;"Powiat m. Ruda Śląska";22,2;22,4;22,7;23,0;23,2;23,4;23,7;25,8;26,1;26,6;27,1;
2473000;"Powiat m. Rybnik";25,1;25,3;25,6;25,9;26,2;26,5;26,9;29,4;29,9;30,5;30,9;
2474000;"Powiat m. Siemianowice Śląskie";24,1;24,3;24,5;24,7;24,9;25,2;25,5;26,3;26,9;27,5;28,0;
2475000;"Powiat m. Sosnowiec";23,8;24,1;24,4;24,6;25,0;25,4;25,8;26,8;27,3;27,9;28,5;
2476000;"Powiat m. Świętochłowice";22,0;22,2;22,6;22,9;23,1;23,4;23,7;25,5;26,1;26,7;27,1;
2477000;"Powiat m. Tychy";24,1;24,4;24,7;24,9;25,3;25,8;26,2;27,1;27,5;28,2;28,9;
2478000;"Powiat m. Zabrze";21,9;22,1;22,3;22,5;22,8;23,0;23,3;25,4;25,9;26,3;26,8;
2479000;"Powiat m. Żory";22,9;23,1;23,5;23,8;24,2;24,5;25,1;27,3;27,8;28,6;29,2;
2601000;"Powiat buski";27,9;28,3;28,7;29,0;29,5;30,0;30,4;31,8;32,5;33,1;33,9;
2602000;"Powiat jędrzejowski";26,1;26,4;26,8;27,1;27,7;28,2;28,7;30,2;30,7;31,4;31,9;
2603000;"Powiat kazimierski";28,7;29,1;29,4;29,7;30,1;30,4;30,8;31,2;31,8;32,4;32,9;
2604000;"Powiat kielecki";24,4;24,7;25,0;25,4;25,6;26,0;26,4;28,5;28,9;29,4;29,8;
2605000;"Powiat konecki";25,1;25,4;25,9;26,2;26,7;27,2;27,6;29,4;30,1;30,8;31,4;
2606000;"Powiat opatowski";26,0;26,3;26,7;27,1;27,5;27,8;28,3;28,9;29,5;30,1;30,6;
2607000;"Powiat ostrowiecki";23,9;24,2;24,6;24,9;25,2;25,5;26,0;27,7;28,2;28,7;29,2;
2608000;"Powiat pińczowski";27,7;28,1;28,5;28,9;29,3;29,8;30,2;31,5;32,1;32,7;33,1;
2609000;"Powiat sandomierski";25,9;26,2;26,4;26,7;27,0;27,4;27,9;29,6;30,1;30,7;31,3;
2610000;"Powiat skarżyski";24,7;25,0;25,3;25,7;26,0;26,4;26,9;28,0;28,6;29,3;30,0;
2611000;"Powiat starachowicki";23,4;23,7;24,1;24,4;24,8;25,1;25,5;26,8;27,3;27,9;28,6;
2612000;"Powiat staszowski";26,0;26,3;26,7;27,1;27,5;27,9;28,3;29,9;30,3;30,8;31,3;
2613000;"Powiat włoszczowski";27,9;28,3;28,7;29,2;29,8;30,2;30,8;32,1;32,7;33,4;34,0;
2661000;"Powiat m. Kielce";23,6;24,1;24,5;24,8;25,1;25,5;26,1;28,3;28,9;29,5;30,2;
2801000;"Powiat bartoszycki";21,9;22,1;22,4;22,8;23,0;23,3;23,7;24,9;25,4;25,9;26,2;
2802000;"Powiat braniewski";21,9;22,1;22,3;22,7;23,0;23,3;23,6;24,8;25,3;25,7;26,2;
2803000;"Powiat działdowski";24,0;24,3;24,6;24,9;25,2;25,6;26,0;26,5;27,0;27,6;28,2;
2804000;"Powiat elbląski";22,5;22,9;23,1;23,5;23,8;24,2;24,6;26,0;26,4;26,9;27,4;
2805000;"Powiat ełcki";22,2;22,5;22,8;23,0;23,3;23,5;24,0;25,2;25,6;26,2;26,5;
2806000;"Powiat giżycki";23,8;24,1;24,3;24,8;25,1;25,5;25,8;28,1;28,6;29,3;29,8;
2807000;"Powiat iławski";22,5;22,8;23,2;23,5;23,8;24,3;24,7;25,9;26,5;27,1;27,7;
2808000;"Powiat kętrzyński";21,6;21,9;22,2;22,5;22,7;23,1;23,4;24,5;24,9;25,3;25,8;
2809000;"Powiat lidzbarski";23,1;23,3;23,6;23,8;24,1;24,6;24,9;26,0;26,5;26,9;27,4;
2810000;"Powiat mrągowski";25,1;25,5;26,0;26,5;26,8;27,2;27,7;27,8;28,4;29,2;29,8;
2811000;"Powiat nidzicki";21,7;22,0;22,4;22,9;23,2;23,6;24,1;25,1;25,6;26,1;26,5;
2812000;"Powiat nowomiejski";23,9;24,1;24,3;24,6;24,9;25,3;25,8;26,8;27,4;28,0;28,5;
2813000;"Powiat olecki";23,3;23,6;23,8;24,1;24,3;24,8;25,1;26,5;27,1;27,6;28,2;
2814000;"Powiat olsztyński";26,5;26,9;27,4;27,9;28,2;28,8;29,4;30,1;30,6;31,3;32,0;
2815000;"Powiat ostródzki";22,5;23,0;23,4;23,7;24,0;24,4;24,8;25,5;25,9;26,7;27,2;
2816000;"Powiat piski";22,2;22,5;22,8;23,1;23,5;23,9;24,3;25,9;26,6;27,1;27,7;
2817000;"Powiat szczycieński";23,2;23,5;24,0;24,3;24,8;25,3;25,9;27,0;27,6;28,4;28,9;
2818000;"Powiat gołdapski";22,6;22,9;23,1;23,4;23,8;24,1;24,4;25,9;26,2;26,7;27,2;
2819000;"Powiat węgorzewski";24,8;25,0;25,3;25,8;26,1;26,6;27,2;28,4;28,8;29,4;30,3;
2861000;"Powiat m. Elbląg";21,5;21,8;22,0;22,2;22,5;22,8;23,2;24,4;24,8;25,3;25,8;
2862000;"Powiat m. Olsztyn";24,8;25,2;25,5;25,8;26,1;26,5;27,0;27,8;28,3;28,9;29,4;
3001000;"Powiat chodzieski";24,9;25,1;25,4;25,7;26,2;26,5;26,9;27,8;28,3;28,9;29,6;
3002000;"Powiat czarnkowsko-trzcianecki";24,5;24,8;25,1;25,3;25,7;26,0;26,4;27,5;28,1;28,7;29,3;
3003000;"Powiat gnieźnieński";23,5;23,8;24,2;24,6;25,0;25,5;25,9;28,0;28,8;29,4;30,0;
3004000;"Powiat gostyński";25,2;25,5;25,7;26,1;26,4;26,8;27,2;28,6;29,2;29,8;30,3;
3005000;"Powiat grodziski";25,5;25,7;26,0;26,4;26,7;27,1;27,8;28,2;29,0;29,5;30,0;
3006000;"Powiat jarociński";24,7;24,9;25,1;25,4;25,7;26,2;26,6;28,1;28,6;29,3;29,9;
3007000;"Powiat kaliski";27,6;27,9;28,2;28,5;28,7;29,0;29,4;30,5;31,0;31,4;31,9;
3008000;"Powiat kępiński";27,3;27,6;28,0;28,4;28,9;29,4;29,9;31,0;31,7;32,5;33,2;
3009000;"Powiat kolski";25,4;25,8;26,2;26,5;26,7;27,1;27,5;29,1;29,7;30,3;30,8;
3010000;"Powiat koniński";26,3;26,6;27,0;27,3;27,7;28,1;28,7;29,8;30,3;30,9;31,3;
3011000;"Powiat kościański";25,5;25,8;26,1;26,4;26,8;27,3;27,9;29,0;29,6;30,3;30,8;
3012000;"Powiat krotoszyński";26,5;26,8;27,1;27,4;27,8;28,3;28,8;29,6;30,1;30,6;31,1;
3013000;"Powiat leszczyński";28,5;29,0;29,6;30,2;30,9;31,5;32,1;33,9;34,7;35,4;36,0;
3014000;"Powiat międzychodzki";26,0;26,3;26,7;27,2;27,6;28,0;28,7;30,1;30,7;31,3;31,9;
3015000;"Powiat nowotomyski";26,3;26,6;27,0;27,5;27,9;28,3;28,7;29,6;30,3;30,9;31,4;
3016000;"Powiat obornicki";24,9;25,0;25,3;25,6;26,1;26,4;26,9;27,6;28,1;28,7;29,4;
3017000;"Powiat ostrowski";27,1;27,4;27,8;28,1;28,4;28,9;29,4;31,0;31,7;32,3;32,8;
3018000;"Powiat ostrzeszowski";28,5;28,9;29,3;29,6;29,9;30,4;30,8;32,0;32,5;33,1;33,6;
3019000;"Powiat pilski";23,5;23,8;24,1;24,3;24,6;24,9;25,2;26,5;27,0;27,5;28,1;
3020000;"Powiat pleszewski";26,4;26,7;27,1;27,4;27,9;28,2;28,6;29,5;30,1;30,7;31,4;
3021000;"Powiat poznański";31,8;32,2;32,6;33,1;33,6;34,0;34,4;34,1;34,7;35,5;36,1;
3022000;"Powiat rawicki";26,4;26,6;26,9;27,2;27,5;27,9;28,4;29,6;30,1;30,7;31,3;
3023000;"Powiat słupecki";25,8;26,0;26,4;26,7;27,0;27,4;27,8;29,3;29,8;30,4;31,0;
3024000;"Powiat szamotulski";26,0;26,3;26,7;27,1;27,5;28,0;28,4;29,8;30,4;31,2;31,8;
3025000;"Powiat średzki";24,6;25,0;25,4;26,0;26,4;27,1;27,6;29,2;29,8;30,6;31,2;
3026000;"Powiat śremski";23,3;23,7;24,2;24,6;25,1;25,5;26,1;27,4;27,9;28,6;29,3;
3027000;"Powiat turecki";25,2;25,4;25,7;25,9;26,1;26,4;26,7;28,9;29,2;29,6;30,0;
3028000;"Powiat wągrowiecki";24,3;24,6;25,1;25,5;25,7;26,2;26,7;28,2;28,8;29,4;29,8;
3029000;"Powiat wolsztyński";26,0;26,2;26,6;26,9;27,4;27,8;28,2;29,8;30,3;30,9;31,3;
3030000;"Powiat wrzesiński";25,0;25,5;25,9;26,5;27,3;27,8;28,3;29,2;29,8;30,5;31,0;
3031000;"Powiat złotowski";23,6;23,9;24,3;24,6;24,9;25,3;25,8;26,7;27,1;27,6;28,2;
3061000;"Powiat m. Kalisz";25,5;25,8;26,2;26,5;26,9;27,3;27,8;29,4;30,1;30,8;31,3;
3062000;"Powiat m. Konin";23,7;24,2;24,5;24,9;25,2;25,6;26,0;27,9;28,5;29,2;29,9;
3063000;"Powiat m. Leszno";26,7;26,9;27,2;27,8;28,0;28,5;29,2;31,3;32,0;32,7;33,3;
3064000;"Powiat m. Poznań";28,8;29,3;29,9;30,4;30,9;31,5;32,1;33,2;33,9;34,7;35,4;
3201000;"Powiat białogardzki";23,3;23,6;23,9;24,1;24,4;24,7;25,1;26,5;27,0;27,4;28,0;
3202000;"Powiat choszczeński";22,3;22,6;22,9;23,3;23,7;24,0;24,3;26,5;27,0;27,5;28,0;
3203000;"Powiat drawski";23,6;23,9;24,2;24,5;24,8;25,2;25,5;26,7;27,1;27,6;28,0;
3204000;"Powiat goleniowski";24,0;24,3;24,7;25,0;25,3;25,7;26,2;28,4;29,0;29,6;30,3;
3205000;"Powiat gryficki";25,0;25,1;25,3;25,6;25,8;26,1;26,4;28,5;28,9;29,2;29,7;
3206000;"Powiat gryfiński";22,7;23,0;23,3;23,5;23,9;24,2;24,6;26,6;27,1;27,7;28,2;
3207000;"Powiat kamieński";32,0;32,3;33,0;33,5;34,0;34,5;35,4;37,1;37,9;39,4;40,6;
3208000;"Powiat kołobrzeski";31,9;32,3;32,8;33,3;33,9;34,7;35,6;36,1;37,2;38,1;39,3;
3209000;"Powiat koszaliński";27,7;28,4;29,1;29,6;30,5;31,3;32,0;33,3;34,0;34,7;35,3;
3210000;"Powiat myśliborski";22,7;22,9;23,3;23,6;23,9;24,3;24,8;26,4;26,9;27,5;28,0;
3211000;"Powiat policki";31,8;32,0;32,3;32,7;32,9;33,0;33,2;32,8;33,1;33,7;34,3;
3212000;"Powiat pyrzycki";22,1;22,3;22,6;22,8;23,1;23,4;23,8;25,6;26,2;26,6;27,2;
3213000;"Powiat sławieński";25,5;26,0;26,4;26,8;27,2;27,6;28,1;29,5;30,4;31,0;31,6;
3214000;"Powiat stargardzki";22,5;22,7;22,9;23,1;23,4;23,6;23,8;26,7;27,0;27,4;27,8;
3215000;"Powiat szczecinecki";23,4;23,6;23,9;24,1;24,3;24,6;24,9;26,6;27,1;27,6;28,2;
3216000;"Powiat świdwiński";23,3;23,5;23,8;24,2;24,4;24,8;25,1;26,4;26,8;27,3;27,6;
3217000;"Powiat wałecki";23,7;24,0;24,2;24,6;24,9;25,3;25,7;27,1;27,6;28,1;28,6;
3218000;"Powiat łobeski";22,9;23,1;23,3;23,5;23,7;24,0;24,3;26,1;26,6;27,0;27,5;
3261000;"Powiat m. Koszalin";25,8;26,3;26,8;27,2;27,5;27,9;28,3;28,4;29,1;29,7;30,6;
3262000;"Powiat m. Szczecin";26,5;26,9;27,2;27,6;28,1;28,6;29,1;29,2;29,7;30,3;30,9;
3263000;"Powiat m. Świnoujście";32,5;32,8;33,1;33,3;33,8;34,4;34,7;32,8;33,5;34,3;35,0;
