"Kod";"Nazwa";"w wieku produkcyjnym;ogółem;2013;[osoba]";"w wieku produkcyjnym;ogółem;2014;[osoba]";"w wieku produkcyjnym;ogółem;2015;[osoba]";"w wieku produkcyjnym;ogółem;2016;[osoba]";"w wieku produkcyjnym;ogółem;2017;[osoba]";"w wieku produkcyjnym;ogółem;2018;[osoba]";"w wieku produkcyjnym;ogółem;2019;[osoba]";"w wieku produkcyjnym;ogółem;2020;[osoba]";"w wieku produkcyjnym;ogółem;2021;[osoba]";"w wieku produkcyjnym;ogółem;2022;[osoba]";"w wieku produkcyjnym;ogółem;2023;[osoba]";
0201000;"Powiat bolesławiecki";58101;57614;57119;56465;55786;55216;54676;52714;52260;51621;51095;
0202000;"Powiat dzierżoniowski";66669;65661;64422;63250;62094;60894;59700;56948;55833;54806;53771;
0203000;"Powiat głogowski";58315;57404;56450;55341;54476;53452;52515;50193;49474;48778;48205;
0204000;"Powiat górowski";23166;22895;22578;22340;21955;21605;21237;19825;19457;19149;18938;
0205000;"Powiat jaworski";33749;33263;32791;32258;31729;31002;30338;28643;27985;27512;27107;
0206000;"Powiat karkonoski";42511;41993;41286;40658;39943;39282;38646;36504;35956;35506;34993;
0207000;"Powiat kamiennogórski";28759;28394;28016;27603;27123;26650;26206;24818;24291;23903;23611;
0208000;"Powiat kłodzki";105189;103585;101738;99844;97913;95946;94021;88312;86361;84681;83313;
0209000;"Powiat legnicki";35695;35553;35275;34940;34555;34180;33677;32803;32534;32139;31831;
0210000;"Powiat lubański";36152;35677;35053;34477;33983;33469;32923;31330;30717;30270;29878;
0211000;"Powiat lubiński";68155;67133;66158;65192;64082;63004;62093;60205;59282;58619;58101;
0212000;"Powiat lwówecki";30865;30393;29912;29464;28979;28450;28012;26251;25664;25231;24813;
0213000;"Powiat milicki";23471;23180;22971;22737;22440;22171;21909;20934;20667;20439;20278;
0214000;"Powiat oleśnicki";68201;67812;67347;66769;66137;65414;65014;63611;63050;62816;62437;
0215000;"Powiat oławski";48616;48113;47646;47190;46781;46388;45912;45778;45332;45001;44834;
0216000;"Powiat polkowicki";41046;40812;40425;40212;39827;39404;39098;37286;36873;36625;36302;
0217000;"Powiat strzeliński";28629;28314;28024;27652;27362;26948;26498;25239;24902;24534;24291;
0218000;"Powiat średzki";34409;34349;34236;34201;34172;34173;34286;34921;35005;35040;35245;
0219000;"Powiat świdnicki";103404;102024;100381;98786;97083;95522;93888;90397;88841;87549;86546;
0220000;"Powiat trzebnicki";53830;53706;53389;53020;52702;52304;51994;51952;51594;51539;51448;
0221000;"Powiat wałbrzyski";37060;36607;35967;35479;34918;34260;33674;32037;31482;31036;30632;
0222000;"Powiat wołowski";30974;30572;30193;29764;29380;28955;28526;27596;27214;26875;26535;
0223000;"Powiat wrocławski";83360;84669;86098;87405;88890;90740;93174;106107;108008;109855;112168;
0224000;"Powiat ząbkowicki";43645;42958;42255;41648;40885;40036;39339;36998;36295;35612;34968;
0225000;"Powiat zgorzelecki";60291;59344;58352;57370;56304;55336;54409;52553;51656;50830;50087;
0226000;"Powiat złotoryjski";29816;29440;28956;28480;27894;27337;26659;24858;24325;23948;23529;
0261000;"Powiat m. Jelenia Góra";51309;50087;48983;47876;46811;45726;44849;43788;42740;41929;41216;
0262000;"Powiat m. Legnica";65333;64109;62999;61850;60695;59487;58504;55497;54232;53152;52116;
0264000;"Powiat m. Wrocław";401817;397974;393121;388238;382977;379390;376582;415786;413923;411428;409736;
0265000;"Powiat m. Wałbrzych od 2013";74748;73120;71364;69808;68175;66495;64811;60167;58492;57113;55746;
0401000;"Powiat aleksandrowski";35235;34964;34665;34260;34024;33705;33289;31766;31377;31142;30778;
0402000;"Powiat brodnicki";49708;49676;49518;49297;49081;48738;48374;47148;46584;46165;45717;
0403000;"Powiat bydgoski";71597;72190;72551;73012;73545;73917;74394;74617;75307;76036;76879;
0404000;"Powiat chełmiński";33737;33530;33263;32955;32715;32349;31960;30392;29920;29610;29217;
0405000;"Powiat golubsko-dobrzyński";28902;28851;28656;28483;28334;28069;27758;26523;26179;25929;25653;
0406000;"Powiat grudziądzki";25614;25583;25545;25512;25392;25204;25030;23654;23572;23429;23313;
0407000;"Powiat inowrocławski";105901;104900;103708;102464;101091;99493;97808;92361;90579;89190;87598;
0408000;"Powiat lipnowski";42656;42573;42405;42129;41811;41327;40930;38620;38214;37852;37428;
0409000;"Powiat mogileński";29794;29543;29341;29181;28818;28420;27991;26353;25900;25588;25225;
0410000;"Powiat nakielski";55878;55541;55154;54624;54163;53629;53029;50381;49728;49234;48943;
0411000;"Powiat radziejowski";26623;26445;26296;25975;25669;25325;24812;23297;22834;22441;22076;
0412000;"Powiat rypiński";28110;27951;27669;27377;27034;26724;26279;24782;24458;24144;23888;
0413000;"Powiat sępoleński";26316;26119;25992;25832;25586;25220;25019;23430;23237;22923;22551;
0414000;"Powiat świecki";64239;63819;63243;62683;61974;61199;60465;57429;56740;56069;55465;
0415000;"Powiat toruński";65257;65735;66162;66456;66734;67201;67677;67802;68379;68879;69343;
0416000;"Powiat tucholski";30683;30620;30432;30179;29938;29530;29264;28012;27620;27224;26839;
0417000;"Powiat wąbrzeski";22251;22074;21991;21733;21462;21164;20931;19822;19652;19377;19156;
0418000;"Powiat włocławski";55548;55420;55299;55026;54634;54183;53585;50286;49709;49143;48586;
0419000;"Powiat żniński";45123;44765;44402;43942;43464;43023;42417;40297;39924;39433;39065;
0461000;"Powiat m. Bydgoszcz";225507;221523;217487;213625;209644;205548;202212;197086;193044;189446;186364;
0462000;"Powiat m. Grudziądz";61460;60472;59278;58199;57120;56123;54943;53118;52040;50995;49969;
0463000;"Powiat m. Toruń";130466;128584;126388;124391;122592;120698;118884;118146;115879;113969;112458;
0464000;"Powiat m. Włocławek";72564;71077;69646;68454;67079;65467;64161;60712;59276;57939;56765;
0601000;"Powiat bialski";69852;69787;69559;69313;68781;68230;67511;63371;62745;62146;61506;
0602000;"Powiat biłgorajski";64710;64304;63886;63434;62840;62269;61570;58738;57917;57149;56238;
0603000;"Powiat chełmski";50466;50465;50244;49880;49227;48756;48257;45387;44814;44221;43667;
0604000;"Powiat hrubieszowski";41809;41219;40726;40110;39352;38702;37901;34865;34167;33380;32755;
0605000;"Powiat janowski";29277;29136;28992;28772;28480;28235;27887;26148;25742;25344;24993;
0606000;"Powiat krasnostawski";40641;40301;39796;39247;38635;38005;37361;35074;34406;33958;33475;
0607000;"Powiat kraśnicki";61187;60806;60146;59520;58856;58112;57220;53656;52793;51883;51190;
0608000;"Powiat lubartowski";56132;55892;55513;55066;54498;53915;53341;50716;50167;49728;49250;
0609000;"Powiat lubelski";93804;94341;94681;94830;95063;95106;95228;96542;96645;96914;97572;
0610000;"Powiat łęczyński";38212;37920;37550;37159;36738;36268;35719;34221;33813;33492;33033;
0611000;"Powiat łukowski";67183;66792;66338;65915;65322;64696;63876;59702;59098;58493;57951;
0612000;"Powiat opolski";38668;38309;37757;37365;36854;36179;35599;33374;32892;32517;32202;
0613000;"Powiat parczewski";22348;22183;21997;21764;21339;20992;20671;19586;19252;18920;18619;
0614000;"Powiat puławski";70772;70092;69432;68685;67826;66938;66075;62747;61813;60755;59810;
0615000;"Powiat radzyński";37688;37438;37202;36906;36504;36071;35569;33248;32727;32320;31893;
0616000;"Powiat rycki";36449;35942;35540;34944;34413;33770;33190;30375;29758;29177;28658;
0617000;"Powiat świdnicki";45565;45046;44553;44003;43414;42746;42257;40834;40266;39688;39436;
0618000;"Powiat tomaszowski";54557;54052;53528;52931;52231;51353;50588;47354;46521;45776;44919;
0619000;"Powiat włodawski";25104;24867;24530;24211;23809;23464;23054;21424;21026;20664;20319;
0620000;"Powiat zamojski";67549;67356;67288;66931;66517;65840;65082;61466;60740;59966;59334;
0661000;"Powiat m. Biała Podlaska";38061;37515;37000;36382;35915;35245;34656;32862;32140;31461;30921;
0662000;"Powiat m. Chełm";42655;41751;40766;39784;38899;38010;36896;34595;33648;32744;32061;
0663000;"Powiat m. Lublin";217372;213308;209771;207019;203763;201034;199019;197142;194723;192627;190720;
0664000;"Powiat m. Zamość";42409;41795;41219;40567;39803;38832;37918;35154;34031;33180;32397;
0801000;"Powiat gorzowski";45877;45887;45775;45596;45414;45148;44886;44155;44123;44338;44485;
0802000;"Powiat krośnieński";36996;36413;35904;35460;34888;34304;33704;32463;31945;31619;31198;
0803000;"Powiat międzyrzecki";38258;37856;37401;36769;36232;35636;34977;33313;32682;32191;31725;
0804000;"Powiat nowosolski";55474;54801;54166;53462;52747;51929;51108;48965;48287;47797;47338;
0805000;"Powiat słubicki";30964;30796;30593;30280;29986;29647;29259;28552;28149;27860;27610;
0806000;"Powiat strzelecko-drezdenecki";32196;31801;31385;30948;30578;30083;29617;28258;27769;27328;27021;
0807000;"Powiat sulęciński";23232;23080;22777;22462;22173;21899;21621;20558;20194;19960;19791;
0808000;"Powiat świebodziński";36296;35973;35620;35268;34836;34349;33862;32707;32182;31677;31281;
0809000;"Powiat zielonogórski";62361;61917;48456;48031;47546;47124;46601;45181;44618;44346;44092;
0810000;"Powiat żagański";52740;52055;51384;50709;49876;49005;48124;45090;44258;43531;42759;
0811000;"Powiat żarski";64065;63313;62539;61711;60745;59728;58677;55991;55119;54251;53535;
0812000;"Powiat wschowski";25122;24954;24733;24515;24201;23905;23550;22450;22071;21864;21624;
0861000;"Powiat m. Gorzów Wielkopolski";79233;77919;76291;75191;74214;72908;71797;70176;68428;66951;65811;
0862000;"Powiat m. Zielona Góra";74636;73771;85614;84739;83735;82939;82390;82242;81140;80190;79566;
1001000;"Powiat bełchatowski";75585;74968;73890;72982;71906;70696;69374;65759;64404;63200;62238;
1002000;"Powiat kutnowski";63611;62800;61700;60602;59590;58378;57350;54422;53256;52225;51285;
1003000;"Powiat łaski";32107;31811;31437;31176;30899;30542;30158;29036;28711;28426;28079;
1004000;"Powiat łęczycki";31949;31655;31388;31063;30677;30201;29745;27896;27362;26928;26539;
1005000;"Powiat łowicki";49872;49437;48904;48320;47760;47174;46418;44096;43316;42756;42133;
1006000;"Powiat łódzki wschodni";44268;44287;44028;43849;43587;43475;43373;43299;43187;43226;43267;
1007000;"Powiat opoczyński";48561;48209;47890;47410;46908;46393;45699;42972;42342;41716;41159;
1008000;"Powiat pabianicki";74626;73874;73208;72187;71370;70580;69951;69420;68737;68175;67863;
1009000;"Powiat pajęczański";32793;32683;32395;32252;32039;31643;31224;29387;28944;28677;28323;
1010000;"Powiat piotrkowski";56588;56477;56211;55980;55594;55229;54798;53441;52993;52755;52491;
1011000;"Powiat poddębicki";26123;25979;25791;25511;25261;24944;24664;23332;23049;22842;22537;
1012000;"Powiat radomszczański";72287;71804;71062;70140;69371;68546;67691;64376;63390;62470;61544;
1013000;"Powiat rawski";31171;30847;30565;30177;29829;29366;28900;27355;26954;26606;26213;
1014000;"Powiat sieradzki";75428;75011;74332;73709;72989;72127;71154;67356;66278;65469;64493;
1015000;"Powiat skierniewicki";23418;23345;23294;23214;23101;22955;22858;22246;21990;21886;21803;
1016000;"Powiat tomaszowski";73942;73087;72133;71239;70340;69238;68149;64890;63785;63169;62424;
1017000;"Powiat wieluński";48421;48108;47811;47483;47080;46568;45942;43509;42861;42290;41748;
1018000;"Powiat wieruszowski";26649;26536;26487;26351;26137;25964;25737;25132;24866;24672;24437;
1019000;"Powiat zduńskowolski";42645;42380;41967;41454;40911;40380;39671;37848;37313;36785;36349;
1020000;"Powiat zgierski";103112;102504;101613;100548;99437;98552;97768;97484;96535;95799;95323;
1021000;"Powiat brzeziński";19468;19320;19174;18957;18801;18677;18425;17867;17722;17573;17460;
1061000;"Powiat m. Łódź";438012;428845;419804;410352;400047;391389;383301;384369;377432;371570;366346;
1062000;"Powiat m. Piotrków Trybunalski";47134;46396;45499;44632;43812;42952;42138;39337;38511;37843;37230;
1063000;"Powiat m. Skierniewice";30999;30554;29888;29354;28874;28293;27738;26561;26017;25576;25154;
1201000;"Powiat bocheński";66046;65968;65909;65698;65450;65195;64810;63545;63116;62788;62583;
1202000;"Powiat brzeski";58539;58683;58644;58488;58369;58019;57633;55784;55417;55063;54773;
1203000;"Powiat chrzanowski";81386;80418;79410;78348;77194;75976;74623;71528;70369;69270;68126;
1204000;"Powiat dąbrowski";38383;38392;38287;38214;37984;37850;37545;36013;35664;35412;35110;
1205000;"Powiat gorlicki";68499;68269;68057;67661;67306;66899;66188;63305;62632;61981;61381;
1206000;"Powiat krakowski";169394;169703;169881;170022;170191;170177;170177;177073;177418;177818;178349;
1207000;"Powiat limanowski";78820;79398;79879;80196;80497;80717;80522;78401;78157;77991;77650;
1208000;"Powiat miechowski";30625;30395;30128;29819;29467;29138;28714;27371;27051;26723;26302;
1209000;"Powiat myślenicki";78841;79011;79039;79078;79023;78907;78713;77928;77624;77361;77173;
1210000;"Powiat nowosądecki";131128;131895;132622;133090;133629;133974;133881;129123;128651;128238;127885;
1211000;"Powiat nowotarski";119192;119532;119695;119623;119507;119260;118781;115902;115350;114757;114186;
1212000;"Powiat olkuski";72412;71628;70646;69624;68540;67395;66194;63192;62190;61082;60146;
1213000;"Powiat oświęcimski";98024;97324;96501;95422;94324;93035;91911;88980;87682;86588;85518;
1214000;"Powiat proszowicki";27544;27457;27296;27108;26988;26708;26364;25435;25199;24940;24735;
1215000;"Powiat suski";52419;52403;52354;52263;52118;51918;51618;50152;49824;49532;49238;
1216000;"Powiat tarnowski";126324;126868;127293;127389;127288;127040;126231;121600;120814;120160;119323;
1217000;"Powiat tatrzański";42400;42172;42038;41827;41552;41360;41060;40039;39637;39359;39057;
1218000;"Powiat wadowicki";100579;100202;99922;99510;99043;98521;97651;95108;94306;93594;93046;
1219000;"Powiat wielicki";75637;76241;76637;77205;77712;78389;79031;83697;84272;84989;85826;
1261000;"Powiat m. Kraków";480990;478243;471743;468011;462807;459543;460552;495260;494135;492162;492739;
1262000;"Powiat m. Nowy Sącz";52877;52472;52066;51622;51105;50467;49903;47824;47130;46386;45833;
1263000;"Powiat m. Tarnów";70383;69207;68033;66955;65884;64708;63700;62251;60746;59543;58460;
1401000;"Powiat białobrzeski";21042;21015;20939;20821;20676;20443;20250;19423;19220;19120;19011;
1402000;"Powiat ciechanowski";58454;57876;57173;56519;55632;54807;54009;51321;50436;49593;48728;
1403000;"Powiat garwoliński";67475;67290;67047;66826;66341;65782;65287;62246;61647;61233;60705;
1404000;"Powiat gostyniński";29268;28968;28732;28325;27939;27583;27154;25601;25155;24680;24349;
1405000;"Powiat grodziski";55104;55197;55199;55307;55387;55693;56267;59169;59791;60325;60990;
1406000;"Powiat grójecki";61927;61511;60987;60402;59903;58977;58296;57090;56491;56075;55708;
1407000;"Powiat kozienicki";39384;38921;38398;37861;37157;36501;35811;33725;33218;32698;32227;
1408000;"Powiat legionowski";69771;69752;69521;69372;69089;69263;69860;74177;74950;75640;76854;
1409000;"Powiat lipski";22131;21917;21625;21308;20911;20563;20116;18691;18316;18000;17713;
1410000;"Powiat łosicki";19755;19648;19378;19082;18811;18465;18196;17088;16753;16426;16179;
1411000;"Powiat makowski";28906;28666;28299;28037;27711;27302;26874;24960;24551;24190;23831;
1412000;"Powiat miński";93727;93630;93437;93045;92726;92461;92222;93464;93004;92589;92460;
1413000;"Powiat mławski";46595;46506;46270;46023;45632;45229;44635;42205;41634;41022;40418;
1414000;"Powiat nowodworski";50410;50122;49747;49391;49001;48508;48020;47473;46909;46517;46189;
1415000;"Powiat ostrołęcki";55855;56137;56219;56534;56470;56163;55809;53547;53382;53174;53063;
1416000;"Powiat ostrowski";46449;46257;45888;45423;44947;44341;43733;41052;40486;39898;39397;
1417000;"Powiat otwocki";75840;75570;75097;74406;73788;73171;72599;72390;71772;71599;71496;
1418000;"Powiat piaseczyński";107404;108081;108827;109038;109350;110151;111419;122787;123916;125430;127351;
1419000;"Powiat płocki";70342;70419;70346;70242;69932;69479;68976;66792;66350;66090;65787;
1420000;"Powiat płoński";55864;55535;54937;54491;53894;53356;52615;50503;49816;49236;48628;
1421000;"Powiat pruszkowski";98131;97936;97720;97051;96747;96393;96395;102543;102530;102562;103394;
1422000;"Powiat przasnyski";33500;33284;33010;32723;32400;32051;31621;29473;29059;28659;28247;
1423000;"Powiat przysuski";26628;26485;26305;26137;25859;25599;25157;23334;22867;22507;22056;
1424000;"Powiat pułtuski";32410;32363;32316;32226;32046;31754;31461;30096;29769;29626;29358;
1425000;"Powiat radomski";96209;96040;95741;95473;95038;94552;93918;90921;90298;89881;89506;
1426000;"Powiat siedlecki";50494;50513;50385;50330;50022;49800;49523;47697;47311;47138;46957;
1427000;"Powiat sierpecki";33558;33452;33277;33020;32722;32348;31987;29837;29311;28826;28322;
1428000;"Powiat sochaczewski";53943;53536;53209;52669;52139;51521;50977;49469;48894;48370;47920;
1429000;"Powiat sokołowski";34338;34044;33713;33340;32930;32329;31709;29676;29197;28689;28132;
1430000;"Powiat szydłowiecki";25532;25392;25214;25048;24874;24679;24386;22964;22647;22395;22117;
1432000;"Powiat warszawski zachodni";69548;69553;69495;69363;69467;69734;70118;75814;76321;77022;78084;
1433000;"Powiat węgrowski";41983;41608;41213;40848;40355;39795;39141;36469;35807;35385;34944;
1434000;"Powiat wołomiński";144925;145946;146740;147535;148338;149095;150388;161350;162678;164002;165317;
1435000;"Powiat wyszkowski";46732;46637;46428;46163;45896;45474;45170;43896;43395;43003;42698;
1436000;"Powiat zwoleński";23165;23065;22952;22784;22552;22236;21958;20781;20520;20279;20034;
1437000;"Powiat żuromiński";24821;24706;24610;24400;24126;23879;23503;21827;21416;21082;20681;
1438000;"Powiat żyrardowski";47810;47381;46644;46079;45438;44913;44364;44184;43713;43359;43084;
1461000;"Powiat m. Ostrołęka";34596;33958;33322;32577;31901;31341;30655;28942;28058;27254;26540;
1462000;"Powiat m. Płock";77537;76164;74692;73291;71975;70626;69305;66394;65250;64132;63018;
1463000;"Powiat m. Radom";138086;135924;133827;131547;129426;126834;124252;117170;114683;112399;110561;
1464000;"Powiat m. Siedlce";48446;47800;47187;46407;46032;45384;44760;43824;43052;42376;41787;
1465000;"Powiat m. st. Warszawa";1061842;1055936;1046632;1037150;1030060;1027633;1025577;1117515;1116294;1113241;1113357;
1601000;"Powiat brzeski";58736;58071;57435;56692;56082;55353;54543;52484;51668;50932;50291;
1602000;"Powiat głubczycki";30172;29870;29563;29063;28669;28204;27723;26162;25692;25236;24798;
1603000;"Powiat kędzierzyńsko-kozielski";62194;61555;60857;60180;59363;58399;57431;54067;52839;51871;50947;
1604000;"Powiat kluczborski";43814;43443;43008;42609;42140;41623;40953;38419;37761;37089;36473;
1605000;"Powiat krapkowicki";42971;42430;42010;41560;41031;40519;39893;37552;37016;36513;36065;
1606000;"Powiat namysłowski";27618;27377;27075;26870;26574;26314;25999;25219;24913;24595;24311;
1607000;"Powiat nyski";90615;89509;88327;87009;85813;84489;82981;78610;77069;75787;74496;
1608000;"Powiat oleski";42476;42199;41789;41325;40884;40411;39828;37806;37229;36676;36127;
1609000;"Powiat opolski";88479;87920;87243;86632;79614;78807;78065;75142;74130;73477;72834;
1610000;"Powiat prudnicki";36120;35810;35424;35065;34684;34260;33690;31859;31240;30664;30182;
1611000;"Powiat strzelecki";50016;49601;49047;48536;47982;47355;46651;44990;44350;43629;43019;
1661000;"Powiat m. Opole";76946;75492;73773;72285;77186;76067;74859;75368;74389;73593;72941;
1801000;"Powiat bieszczadzki";14665;14583;14458;14272;14064;13917;13690;12848;12697;12513;12407;
1802000;"Powiat brzozowski";41564;41398;41297;41077;40927;40573;40243;38574;38245;37941;37548;
1803000;"Powiat dębicki";86432;86178;85983;85543;85050;84371;83589;81016;80184;79452;78858;
1804000;"Powiat jarosławski";77703;77278;76841;76348;75786;75146;74200;71230;70310;69476;68679;
1805000;"Powiat jasielski";73649;73512;73062;72734;72190;71611;70647;67246;66397;65715;64986;
1806000;"Powiat kolbuszowski";40147;40108;40103;40132;40017;39989;39719;38458;38150;37866;37588;
1807000;"Powiat krośnieński";70068;70002;69969;69749;69478;69095;68452;65921;65127;64446;63819;
1808000;"Powiat leżajski";44430;44278;44189;44060;43822;43479;43076;41299;40865;40306;39893;
1809000;"Powiat lubaczowski";36566;36399;36101;35856;35511;35030;34536;32762;32352;32051;31686;
1810000;"Powiat łańcucki";49634;49620;49544;49474;49405;49110;48852;48046;47761;47494;47402;
1811000;"Powiat mielecki";86718;86396;85959;85374;84907;84342;83561;80441;79571;78866;78192;
1812000;"Powiat niżański";44148;44103;44044;43707;43338;43071;42602;40356;39850;39424;38816;
1813000;"Powiat przemyski";47641;47676;47878;47863;47701;47500;47018;44248;43787;43352;42956;
1814000;"Powiat przeworski";49853;49687;49557;49388;49090;48742;48382;46323;45933;45507;45190;
1815000;"Powiat ropczycko-sędziszowski";46339;46339;46260;46211;46071;45964;45798;44809;44648;44394;44189;
1816000;"Powiat rzeszowski";104470;104952;105406;105652;105603;106004;104705;105332;104785;105014;105112;
1817000;"Powiat sanocki";61453;61009;60541;59849;59049;58369;57622;54479;53634;52887;52279;
1818000;"Powiat stalowowolski";70163;69350;68523;67554;66472;65405;64269;61472;60282;59456;58593;
1819000;"Powiat strzyżowski";39249;39225;39208;39139;38923;38565;38235;36815;36452;36140;35780;
1820000;"Powiat tarnobrzeski";34753;34600;34381;34159;33880;33501;33020;31470;30993;30743;30413;
1821000;"Powiat leski";17161;17075;17028;16903;16722;16599;16403;15726;15483;15310;15120;
1861000;"Powiat m. Krosno";29686;29189;28679;28125;27758;27411;26947;25835;25246;24818;24368;
1862000;"Powiat m. Przemyśl";39985;39432;38777;38033;37350;36519;35678;33790;32987;32256;31524;
1863000;"Powiat m. Rzeszów";118431;118705;117746;117096;116960;116565;117888;116834;117145;116651;115909;
1864000;"Powiat m. Tarnobrzeg";30671;30248;29868;29429;28959;28453;28017;26523;26015;25537;25065;
2001000;"Powiat augustowski";37498;37310;37131;36898;36611;36229;35772;33572;33090;32664;32167;
2002000;"Powiat białostocki";92632;92654;92450;92413;92222;92276;92361;92134;92421;92537;92938;
2003000;"Powiat bielski";34613;34336;33911;33421;32897;32388;31790;29961;29321;28694;28138;
2004000;"Powiat grajewski";31376;31244;30995;30624;30261;29914;29381;27513;27122;26718;26302;
2005000;"Powiat hajnowski";27301;26896;26550;26033;25530;24900;24279;22396;21890;21337;20824;
2006000;"Powiat kolneński";25139;25060;25004;24895;24717;24459;24229;22430;22264;22116;21877;
2007000;"Powiat łomżyński";32487;32531;32475;32465;32303;32196;32050;30478;30309;30090;29911;
2008000;"Powiat moniecki";26555;26521;26338;26097;25826;25616;25253;23390;23031;22683;22342;
2009000;"Powiat sejneński";12983;12952;12838;12693;12546;12400;12204;11475;11261;11043;10885;
2010000;"Powiat siemiatycki";28829;28710;28515;28133;27767;27370;26903;24791;24356;23868;23370;
2011000;"Powiat sokólski";44064;43784;43328;42806;42297;41692;40967;37771;37119;36496;35935;
2012000;"Powiat suwalski";22368;22448;22502;22484;22417;22241;22043;20967;20768;20602;20426;
2013000;"Powiat wysokomazowiecki";36200;36050;35786;35539;35126;34753;34186;32166;31603;31177;30732;
2014000;"Powiat zambrowski";28244;28108;28007;27815;27525;27223;26807;25409;24993;24648;24340;
2061000;"Powiat m. Białystok";191930;190212;188588;186885;184411;181826;179351;178243;175607;173240;170961;
2062000;"Powiat m. Łomża";41653;41274;40775;40272;39870;39154;38324;36719;35620;34761;33935;
2063000;"Powiat m. Suwałki";45742;45467;45167;44780;44367;43796;43276;42350;41623;41001;40368;
2201000;"Powiat bytowski";50280;50166;49889;49651;49368;49046;48622;46206;45584;45165;44623;
2202000;"Powiat chojnicki";60607;60367;60163;59940;59575;59205;58732;56774;56237;55823;55611;
2203000;"Powiat człuchowski";37027;36719;36374;35872;35321;34771;34158;32311;31761;31335;30869;
2204000;"Powiat gdański";68319;69300;70052;70839;71628;72497;73197;77245;78232;79063;79920;
2205000;"Powiat kartuski";77450;78530;79354;80183;81119;82215;83188;86701;87705;88660;89375;
2206000;"Powiat kościerski";44623;44493;44408;44219;44169;43962;43684;42597;42235;42008;41787;
2207000;"Powiat kwidzyński";54109;53708;53192;52744;52267;51718;51029;49037;48552;48105;47713;
2208000;"Powiat lęborski";42387;42103;41779;41431;41119;40553;40021;37988;37567;37171;36789;
2209000;"Powiat malborski";41487;41097;40745;40125;39644;39035;38417;36748;36159;35686;35300;
2210000;"Powiat nowodworski";23580;23398;23260;22965;22644;22357;22069;20674;20387;20111;19874;
2211000;"Powiat pucki";52052;52306;52424;52522;52630;52907;53223;54129;54277;54464;54815;
2212000;"Powiat słupski";63458;63307;63258;62752;62276;61745;61065;58102;57510;56995;56669;
2213000;"Powiat starogardzki";81199;80776;80336;80042;79586;78954;78464;75377;74665;73987;73490;
2214000;"Powiat tczewski";73887;73249;72505;72053;71329;70793;70208;67432;66801;65980;65402;
2215000;"Powiat wejherowski";131280;131397;131459;131596;131697;131819;131995;135168;135170;135617;136423;
2216000;"Powiat sztumski";27793;27575;27264;26995;26568;26109;25672;23925;23451;23072;22696;
2261000;"Powiat m. Gdańsk";289430;285517;281839;278511;274719;272935;273226;293782;292511;291431;291611;
2262000;"Powiat m. Gdynia";153492;151306;149112;146855;144676;143177;141815;143289;141825;140226;138773;
2263000;"Powiat m. Słupsk";59565;58285;56897;55706;54614;53536;52559;50922;49939;49016;48036;
2264000;"Powiat m. Sopot";22919;22500;21904;21311;20799;20114;19695;18217;17903;17592;17352;
2401000;"Powiat będziński";95222;93889;92296;90813;89319;87908;86555;85220;83963;82887;82101;
2402000;"Powiat bielski";102014;101898;101750;101414;100987;100490;100165;97600;97089;96671;96352;
2403000;"Powiat cieszyński";111417;110580;109447;108591;107856;106945;105909;103113;102156;101230;100249;
2404000;"Powiat częstochowski";86520;86448;85987;85380;84393;83442;82459;79568;78658;77769;77016;
2405000;"Powiat gliwicki";74378;73707;73109;72582;72015;71212;70496;68436;67618;67007;66501;
2406000;"Powiat kłobucki";54255;54007;53762;53444;53081;52725;52099;50031;49364;48780;48165;
2407000;"Powiat lubliniecki";49811;49435;49126;48715;48299;47652;47190;46141;45555;45056;44643;
2408000;"Powiat mikołowski";61493;61231;60869;60446;60191;59867;59552;58935;58657;58434;58375;
2409000;"Powiat myszkowski";45587;45129;44642;44104;43436;42794;42277;40388;39724;39014;38473;
2410000;"Powiat pszczyński";71224;71146;70954;70524;70031;69717;69282;67463;66749;66136;65364;
2411000;"Powiat raciborski";72107;71541;70845;70155;69349;68429;67466;62104;61000;60079;59098;
2412000;"Powiat rybnicki";49411;49402;49303;49070;48702;48332;47836;46101;45664;45436;45055;
2413000;"Powiat tarnogórski";88185;87626;87012;86277;85436;84801;84372;82544;81917;81412;80878;
2414000;"Powiat bieruńsko-lędziński";38585;38423;38155;37981;37816;37535;37115;36015;35768;35462;35157;
2415000;"Powiat wodzisławski";99876;99369;98661;97814;96906;95930;94748;90751;89705;88707;87749;
2416000;"Powiat zawierciański";76310;75163;74023;72901;71742;70562;69329;66189;64980;64021;63046;
2417000;"Powiat żywiecki";96558;96277;95850;95545;94940;94382;93499;90194;89285;88518;87709;
2461000;"Powiat m. Bielsko-Biała";107644;105749;104028;102086;100323;98897;97371;96793;95250;93908;92857;
2462000;"Powiat m. Bytom";109942;108369;106548;104779;102820;100912;99036;92596;90805;89179;87592;
2463000;"Powiat m. Chorzów";68460;67710;66975;66208;65510;64674;63951;62339;61376;60525;59581;
2464000;"Powiat m. Częstochowa";146254;143075;139722;136587;133191;129859;126852;122077;119212;116796;114494;
2465000;"Powiat m. Dąbrowa Górnicza";80948;79148;77226;75071;73133;71168;69326;67118;65622;64474;63364;
2466000;"Powiat m. Gliwice";118510;116436;114133;111605;109345;106697;104397;102298;100190;98358;97084;
2467000;"Powiat m. Jastrzębie-Zdrój";56474;55805;55155;54587;54018;53437;52884;50300;49377;48699;48097;
2468000;"Powiat m. Jaworzno";61025;60253;59410;58604;57538;56475;55531;53549;52464;51655;50662;
2469000;"Powiat m. Katowice";192198;188581;185081;181513;178156;174719;171439;169784;167228;164699;163559;
2470000;"Powiat m. Mysłowice";49122;48531;47876;47187;46491;45896;45316;43672;42998;42251;41806;
2471000;"Powiat m. Piekary Śląskie";36618;35969;35388;34748;34116;33490;32860;31292;30776;30112;29667;
2472000;"Powiat m. Ruda Śląska";90862;89373;87944;86605;85180;83904;82419;80246;78851;77501;76273;
2473000;"Powiat m. Rybnik";90659;89565;88267;86909;85679;84254;82795;79684;78448;77213;76130;
2474000;"Powiat m. Siemianowice Śląskie";43875;43310;42503;41609;40762;39990;39361;38040;37384;36844;36356;
2475000;"Powiat m. Sosnowiec";135441;132066;128479;125180;121745;118292;115323;111130;108554;106416;104612;
2476000;"Powiat m. Świętochłowice";33018;32447;31726;31056;30467;29905;29265;27658;27164;26906;26578;
2477000;"Powiat m. Tychy";84270;82684;81009;79374;77647;75889;74309;72140;70778;69465;68567;
2478000;"Powiat m. Zabrze";115567;113825;112267;110558;108523;106680;104651;96369;94395;92555;90846;
2479000;"Powiat m. Żory";40656;39883;39120;38402;37727;37196;36727;35733;35507;35312;35203;
2601000;"Powiat buski";45422;45203;44733;44303;43741;43253;42627;40485;39826;39264;38672;
2602000;"Powiat jędrzejowski";54634;54093;53440;52865;52194;51348;50503;48146;47385;46648;46049;
2603000;"Powiat kazimierski";21983;21751;21534;21331;21043;20765;20481;19285;19007;18720;18430;
2604000;"Powiat kielecki";134368;134561;134423;134198;134053;133446;132728;129658;128627;127743;126891;
2605000;"Powiat konecki";52088;51498;50775;50160;49447;48626;47735;44334;43458;42676;42010;
2606000;"Powiat opatowski";34359;34060;33501;32996;32556;32023;31410;29456;28962;28447;27924;
2607000;"Powiat ostrowiecki";72083;70989;69681;68642;67208;65748;64270;59419;57959;56599;55485;
2608000;"Powiat pińczowski";25091;24923;24646;24383;23933;23592;23184;21936;21474;21077;20788;
2609000;"Powiat sandomierski";49869;49511;49033;48473;47838;47160;46380;43560;42871;42176;41487;
2610000;"Powiat skarżyski";49291;48434;47575;46590;45679;44604;43390;40553;39504;38573;37725;
2611000;"Powiat starachowicki";57897;57108;56394;55578;54714;53774;52722;49772;48818;47965;47207;
2612000;"Powiat staszowski";46524;46320;45818;45472;44894;44366;43627;41487;40753;40128;39490;
2613000;"Powiat włoszczowski";28763;28563;28311;27983;27691;27421;27102;25694;25452;25132;24776;
2661000;"Powiat m. Kielce";125513;123181;121015;118993;116763;114411;112459;107064;105234;103647;102003;
2801000;"Powiat bartoszycki";39111;38540;37930;37284;36649;35926;35156;32542;31909;31311;30716;
2802000;"Powiat braniewski";28088;27824;27549;27218;26810;26427;25893;23515;23102;22695;22206;
2803000;"Powiat działdowski";42449;42079;41892;41573;41096;40607;40120;37632;36938;36475;35984;
2804000;"Powiat elbląski";37730;37566;37356;37011;36676;36051;35540;33638;33174;32795;32377;
2805000;"Powiat ełcki";58142;58063;57860;57871;57549;57280;56794;54528;53736;53181;52643;
2806000;"Powiat giżycki";37090;36862;36381;35995;35487;35150;34571;32824;32274;31754;31293;
2807000;"Powiat iławski";59604;59206;58612;58136;57534;57109;56533;54227;53565;53026;52583;
2808000;"Powiat kętrzyński";42571;41938;41150;40405;39630;38960;38094;35170;34349;33520;32787;
2809000;"Powiat lidzbarski";27446;27259;26880;26509;26124;25713;25236;23466;23037;22657;22254;
2810000;"Powiat mrągowski";33388;33142;32820;32460;32090;31588;31022;29808;29212;28752;28371;
2811000;"Powiat nidzicki";21804;21641;21503;21187;20930;20641;20336;18824;18514;18322;18086;
2812000;"Powiat nowomiejski";27679;27636;27550;27394;27263;27029;26748;25363;25173;24880;24568;
2813000;"Powiat olecki";22268;22153;21967;21685;21514;21236;20858;19577;19281;19029;18833;
2814000;"Powiat olsztyński";80807;80824;80546;80322;80270;80239;79979;78606;78367;78318;78388;
2815000;"Powiat ostródzki";68513;67978;67197;66298;65515;64596;63498;60488;59582;58691;57927;
2816000;"Powiat piski";37287;37110;36791;36503;36106;35523;34961;32475;31952;31550;30984;
2817000;"Powiat szczycieński";46065;45849;45436;45046;44466;43932;43248;40998;40522;40074;39714;
2818000;"Powiat gołdapski";17665;17542;17380;17174;16967;16679;16426;15274;15121;14924;14739;
2819000;"Powiat węgorzewski";15279;15046;14855;14613;14305;14026;13785;12667;12434;12221;12000;
2861000;"Powiat m. Elbląg";79142;77876;76605;75297;74031;72622;71140;67809;66585;65585;64582;
2862000;"Powiat m. Olsztyn";113616;111295;109143;106998;105361;103001;101363;101714;99893;98404;97103;
3001000;"Powiat chodzieski";30353;30004;29654;29420;29098;28787;28489;27485;27128;26794;26528;
3002000;"Powiat czarnkowsko-trzcianecki";55939;55481;55074;54603;53938;53428;52864;50486;49839;49334;48734;
3003000;"Powiat gnieźnieński";92337;91524;90680;89749;88693;87802;86950;83748;82643;81971;81378;
3004000;"Powiat gostyński";48785;48500;48259;47825;47340;46782;46201;44526;43923;43294;42787;
3005000;"Powiat grodziski";32740;32811;32759;32483;32320;32163;31810;31129;30773;30664;30451;
3006000;"Powiat jarociński";45523;45307;44962;44513;43965;43569;43064;41625;41153;40743;40398;
3007000;"Powiat kaliski";52240;52205;52043;51769;51602;51245;50968;49709;49404;48937;48564;
3008000;"Powiat kępiński";36012;35876;35599;35390;35059;34856;34516;34266;33929;33670;33387;
3009000;"Powiat kolski";55922;55561;55064;54592;53952;53272;52408;49209;48405;47728;47071;
3010000;"Powiat koniński";82711;82935;82979;82862;82519;82214;81825;79126;78795;78490;78034;
3011000;"Powiat kościański";50767;50453;50063;49804;49296;48792;48242;46616;46037;45366;44887;
3012000;"Powiat krotoszyński";49399;49009;48580;48293;47794;47252;46709;45295;44619;44040;43580;
3013000;"Powiat leszczyński";34418;34525;34500;34694;34679;34853;35036;34902;35187;35466;35620;
3014000;"Powiat międzychodzki";23648;23502;23283;23120;22810;22523;22199;21266;21024;20832;20620;
3015000;"Powiat nowotomyski";47227;46980;46767;46443;46178;45820;45618;44838;44499;44135;43968;
3016000;"Powiat obornicki";37961;37738;37497;37210;36936;36595;36292;35126;34907;34630;34466;
3017000;"Powiat ostrowski";102783;102218;101631;100834;99775;98703;97667;95069;93979;93031;92282;
3018000;"Powiat ostrzeszowski";35168;34943;34804;34578;34410;34052;33829;32932;32618;32188;31950;
3019000;"Powiat pilski";88888;88049;87263;86279;85025;83787;82483;78892;77656;76669;75869;
3020000;"Powiat pleszewski";40237;39937;39655;39333;38980;38619;38176;36834;36457;36198;35857;
3021000;"Powiat poznański";227280;229524;231694;233695;235789;238933;242339;259423;261947;264652;268008;
3022000;"Powiat rawicki";37838;37626;37338;37039;36674;36342;36013;35087;34730;34359;34071;
3023000;"Powiat słupecki";37971;37798;37560;37410;37056;36684;36150;34664;34313;33902;33548;
3024000;"Powiat szamotulski";57447;57207;56856;56412;56060;55705;55453;54624;54132;53908;53555;
3025000;"Powiat średzki";36661;36582;36428;36211;36104;35851;35609;35419;35284;35128;34892;
3026000;"Powiat śremski";39013;38753;38388;38150;37781;37413;37108;36448;36238;35912;35659;
3027000;"Powiat turecki";53530;53297;53044;52739;52279;51753;51115;49142;48572;47993;47545;
3028000;"Powiat wągrowiecki";44524;44351;44080;43844;43529;43131;42718;41266;40925;40618;40362;
3029000;"Powiat wolsztyński";35911;35810;35612;35465;35164;34854;34605;33762;33463;33261;33031;
3030000;"Powiat wrzesiński";48826;48602;48366;47985;47641;47319;47156;46915;46460;46135;45971;
3031000;"Powiat złotowski";45135;44867;44545;44194;43758;43318;42844;41218;40805;40310;40008;
3061000;"Powiat m. Kalisz";63732;62665;61682;60623;59563;58567;57511;54765;53646;52675;51964;
3062000;"Powiat m. Konin";48643;47665;46679;45706;44860;43855;42947;40239;39159;38155;37188;
3063000;"Powiat m. Leszno";40692;40184;39613;38822;38288;37688;36999;35995;35260;34538;34093;
3064000;"Powiat m. Poznań";346120;339667;332702;326530;320471;315069;310562;333539;330755;326978;324376;
3201000;"Powiat białogardzki";31581;31217;30845;30521;30057;29574;29133;27406;26947;26555;26176;
3202000;"Powiat choszczeński";32454;32037;31637;31182;30682;30205;29697;27089;26605;26206;25855;
3203000;"Powiat drawski";37667;37167;36733;36386;35830;35261;34739;32388;31809;31370;30883;
3204000;"Powiat goleniowski";53290;53043;52502;52069;51500;51000;50492;49227;48842;48481;48159;
3205000;"Powiat gryficki";40135;39793;39358;38886;38326;37708;37018;34584;33972;33555;33053;
3206000;"Powiat gryfiński";54882;54311;53646;52905;52126;51221;50346;47306;46532;45917;45396;
3207000;"Powiat kamieński";31498;30996;30570;29944;29463;28955;28367;26521;26094;25747;25300;
3208000;"Powiat kołobrzeski";51080;50635;49910;49266;48830;48236;47635;45718;44983;44411;43815;
3209000;"Powiat koszaliński";43741;43509;43148;42791;42556;42201;41874;40661;40292;40086;38793;
3210000;"Powiat myśliborski";43765;43304;42720;42158;41367;40708;39878;37809;37235;36796;36422;
3211000;"Powiat policki";50007;50054;49997;49999;50065;50154;50400;50836;51143;51482;51841;
3212000;"Powiat pyrzycki";26142;25924;25534;25204;24854;24471;24042;22085;21672;21361;20975;
3213000;"Powiat sławieński";37124;36618;36241;35823;35230;34686;34113;32335;31760;31287;30733;
3214000;"Powiat stargardzki";78468;77616;76600;75533;74470;73640;72715;71127;70429;69824;69237;
3215000;"Powiat szczecinecki";50634;50047;49510;48857;48151;47452;46768;43678;42818;42227;41573;
3216000;"Powiat świdwiński";31492;31127;30593;30092;29748;29127;28523;26249;25691;25231;24796;
3217000;"Powiat wałecki";35249;34823;34435;33922;33381;32884;32360;30490;30011;29662;29275;
3218000;"Powiat łobeski";24352;24010;23755;23440;23083;22703;22162;20258;19859;19555;19183;
3261000;"Powiat m. Koszalin";68889;67321;65752;64519;63421;62239;61004;60754;59631;58893;59328;
3262000;"Powiat m. Szczecin";258846;254941;250253;245921;241525;237683;234415;234584;231478;227971;225340;
3263000;"Powiat m. Świnoujście";26528;26162;25772;25375;24956;24549;24209;23544;22976;22486;21980;
