"Kod";"Nazwa";"ogółem;ogółem;2013;[szt.]";"ogółem;ogółem;2014;[szt.]";"ogółem;ogółem;2015;[szt.]";"ogółem;ogółem;2016;[szt.]";"ogółem;ogółem;2017;[szt.]";"ogółem;ogółem;2018;[szt.]";"ogółem;ogółem;2019;[szt.]";"ogółem;ogółem;2020;[szt.]";"ogółem;ogółem;2021;[szt.]";"ogółem;ogółem;2022;[szt.]";"ogółem;ogółem;2023;[szt.]";
0201000;"Powiat bolesławiecki";229;117;310;559;581;589;560;420;609;571;500;
0202000;"Powiat dzierżoniowski";270;234;330;315;325;414;539;549;724;567;514;
0203000;"Powiat głogowski";456;438;391;507;498;578;501;486;760;471;525;
0204000;"Powiat górowski";0;3;13;6;7;31;54;77;90;76;79;
0205000;"Powiat jaworski";85;73;89;119;138;136;126;159;201;180;225;
0206000;"Powiat karkonoski";216;253;333;181;209;215;182;430;492;687;582;
0207000;"Powiat kamiennogórski";87;92;125;116;128;153;161;145;148;155;187;
0208000;"Powiat kłodzki";491;514;493;464;600;710;836;814;958;828;697;
0209000;"Powiat legnicki";68;74;95;104;98;116;101;111;197;195;233;
0210000;"Powiat lubański";127;180;163;185;281;250;294;240;299;469;279;
0211000;"Powiat lubiński";533;525;453;592;645;761;851;810;972;726;937;
0212000;"Powiat lwówecki";69;71;44;74;112;142;151;141;154;93;105;
0213000;"Powiat milicki";70;61;82;114;80;90;94;172;137;165;219;
0214000;"Powiat oleśnicki";284;320;273;372;445;497;504;607;621;472;669;
0215000;"Powiat oławski";328;286;278;347;374;291;231;454;673;674;487;
0216000;"Powiat polkowicki";153;204;205;186;216;203;339;242;339;289;263;
0217000;"Powiat strzeliński";98;69;113;128;124;170;171;137;144;196;155;
0218000;"Powiat średzki";114;67;81;80;130;200;278;263;347;248;394;
0219000;"Powiat świdnicki";543;636;764;851;861;1047;1148;1022;1250;1024;1205;
0220000;"Powiat trzebnicki";235;261;259;289;321;346;287;410;536;474;344;
0221000;"Powiat wałbrzyski";192;213;234;243;315;316;411;386;488;350;368;
0222000;"Powiat wołowski";283;219;216;299;372;381;282;384;356;227;370;
0223000;"Powiat wrocławski";859;1169;901;1104;1142;1352;1832;1894;2402;1541;2143;
0224000;"Powiat ząbkowicki";122;96;101;157;203;181;232;272;340;252;216;
0225000;"Powiat zgorzelecki";30;20;33;102;387;371;455;368;415;418;468;
0226000;"Powiat złotoryjski";99;104;88;119;141;147;167;153;190;177;187;
0261000;"Powiat m. Jelenia Góra";504;574;676;829;993;855;932;784;1172;882;714;
0262000;"Powiat m. Legnica";523;545;575;654;784;1041;963;917;1132;851;1059;
0264000;"Powiat m. Wrocław";10251;8441;10190;12143;12045;12425;12250;6762;16380;12755;13104;
0265000;"Powiat m. Wałbrzych od 2013";490;572;615;589;685;826;842;777;1080;694;873;
0401000;"Powiat aleksandrowski";123;99;96;172;192;170;214;165;259;182;175;
0402000;"Powiat brodnicki";149;191;274;284;333;462;376;304;402;302;277;
0403000;"Powiat bydgoski";119;122;216;142;204;269;260;195;326;488;393;
0404000;"Powiat chełmiński";61;53;100;120;132;125;141;124;168;110;126;
0405000;"Powiat golubsko-dobrzyński";54;72;72;54;132;76;82;70;111;91;250;
0406000;"Powiat grudziądzki";10;20;31;34;55;47;59;66;76;84;71;
0407000;"Powiat inowrocławski";523;526;622;542;710;651;689;633;845;587;751;
0408000;"Powiat lipnowski";41;44;51;60;49;35;83;68;72;71;102;
0409000;"Powiat mogileński";54;45;58;55;57;79;86;90;65;145;146;
0410000;"Powiat nakielski";126;185;128;163;207;213;235;236;229;208;265;
0411000;"Powiat radziejowski";45;41;21;36;54;81;54;30;48;36;49;
0412000;"Powiat rypiński";52;66;55;63;34;41;63;68;128;153;83;
0413000;"Powiat sępoleński";51;79;55;78;60;63;66;81;98;111;94;
0414000;"Powiat świecki";164;163;203;148;183;216;183;257;349;385;465;
0415000;"Powiat toruński";113;118;127;143;190;195;253;215;289;196;239;
0416000;"Powiat tucholski";33;39;30;41;38;47;51;46;88;85;44;
0417000;"Powiat wąbrzeski";59;46;58;50;70;65;50;56;74;61;106;
0418000;"Powiat włocławski";36;42;68;52;45;60;61;61;62;119;96;
0419000;"Powiat żniński";78;128;112;87;123;136;128;152;216;162;107;
0461000;"Powiat m. Bydgoszcz";2716;2498;2677;2624;3075;3484;3251;2845;3729;3492;3857;
0462000;"Powiat m. Grudziądz";364;370;448;425;447;626;626;652;847;712;854;
0463000;"Powiat m. Toruń";652;647;648;757;1430;1596;1651;1418;1655;1245;1434;
0464000;"Powiat m. Włocławek";472;462;466;361;659;756;700;514;503;470;523;
0601000;"Powiat bialski";0;0;11;22;16;35;94;115;129;215;74;
0602000;"Powiat biłgorajski";49;59;37;50;81;78;128;202;117;107;203;
0603000;"Powiat chełmski";15;15;20;17;27;26;29;21;45;41;32;
0604000;"Powiat hrubieszowski";59;60;76;85;88;73;87;87;81;72;66;
0605000;"Powiat janowski";17;29;24;16;17;23;41;17;26;50;25;
0606000;"Powiat krasnostawski";45;22;56;26;23;29;33;19;27;38;26;
0607000;"Powiat kraśnicki";85;82;69;104;116;89;70;104;162;120;137;
0608000;"Powiat lubartowski";58;58;85;92;84;98;115;122;111;112;112;
0609000;"Powiat lubelski";107;95;94;94;136;170;178;128;207;231;252;
0610000;"Powiat łęczyński";54;54;32;90;72;73;96;65;90;102;74;
0611000;"Powiat łukowski";47;54;51;55;72;81;105;80;150;191;240;
0612000;"Powiat opolski";42;44;64;54;67;74;62;50;64;67;46;
0613000;"Powiat parczewski";13;15;49;23;78;39;19;81;29;62;50;
0614000;"Powiat puławski";207;226;272;293;339;244;438;438;410;331;254;
0615000;"Powiat radzyński";30;43;106;77;81;116;98;43;64;156;40;
0616000;"Powiat rycki";59;63;66;74;77;80;72;69;125;102;69;
0617000;"Powiat świdnicki";27;67;64;85;142;150;253;226;288;288;442;
0618000;"Powiat tomaszowski";47;52;74;57;68;75;76;84;67;115;72;
0619000;"Powiat włodawski";48;84;65;51;65;119;72;89;68;67;70;
0620000;"Powiat zamojski";15;12;14;17;20;22;10;16;24;17;19;
0661000;"Powiat m. Biała Podlaska";95;109;118;160;178;207;278;476;487;435;353;
0662000;"Powiat m. Chełm";175;128;218;221;276;249;388;385;472;295;344;
0663000;"Powiat m. Lublin";1828;1331;2466;2987;3487;4630;4343;4680;5206;3835;5564;
0664000;"Powiat m. Zamość";266;262;310;246;293;330;325;263;325;251;426;
0801000;"Powiat gorzowski";198;190;181;273;306;346;481;212;256;287;247;
0802000;"Powiat krośnieński";163;184;108;186;143;272;234;222;188;153;148;
0803000;"Powiat międzyrzecki";176;197;186;221;206;242;198;299;290;232;205;
0804000;"Powiat nowosolski";206;216;211;220;243;329;372;447;536;427;454;
0805000;"Powiat słubicki";188;243;270;283;293;270;362;278;299;362;247;
0806000;"Powiat strzelecko-drezdenecki";150;161;133;158;185;127;124;168;208;217;132;
0807000;"Powiat sulęciński";76;59;91;119;100;128;116;56;135;93;196;
0808000;"Powiat świebodziński";202;204;231;276;293;276;349;233;423;342;287;
0809000;"Powiat zielonogórski";201;147;145;179;166;268;244;322;279;249;251;
0810000;"Powiat żagański";215;191;94;265;317;327;395;334;409;345;352;
0811000;"Powiat żarski";396;305;379;399;525;446;416;414;480;436;478;
0812000;"Powiat wschowski";40;41;47;54;51;82;80;106;108;129;105;
0861000;"Powiat m. Gorzów Wielkopolski";1072;1041;1081;1285;1221;1725;1346;1216;1452;1303;1187;
0862000;"Powiat m. Zielona Góra";745;599;779;958;1167;1866;1691;2012;1870;1666;1736;
1001000;"Powiat bełchatowski";204;271;311;297;325;343;320;279;415;347;331;
1002000;"Powiat kutnowski";139;116;24;64;161;238;211;197;360;307;423;
1003000;"Powiat łaski";54;47;59;62;60;74;110;53;72;54;67;
1004000;"Powiat łęczycki";38;28;37;47;39;57;62;47;60;56;68;
1005000;"Powiat łowicki";67;60;70;83;88;95;80;58;71;65;104;
1006000;"Powiat łódzki wschodni";32;40;39;21;43;37;67;47;87;62;75;
1007000;"Powiat opoczyński";62;49;53;46;68;82;82;64;102;141;85;
1008000;"Powiat pabianicki";196;192;199;265;264;293;277;393;436;377;585;
1009000;"Powiat pajęczański";20;14;24;8;5;11;19;9;19;59;11;
1010000;"Powiat piotrkowski";8;11;9;12;21;28;17;28;36;43;28;
1011000;"Powiat poddębicki";65;41;91;34;84;57;35;29;98;36;61;
1012000;"Powiat radomszczański";51;61;62;76;130;148;121;101;166;213;180;
1013000;"Powiat rawski";30;30;49;70;54;37;63;37;68;123;52;
1014000;"Powiat sieradzki";153;149;152;156;166;161;235;147;256;147;224;
1015000;"Powiat skierniewicki";0;0;7;0;5;0;11;6;3;0;6;
1016000;"Powiat tomaszowski";134;142;194;235;264;278;272;295;402;309;304;
1017000;"Powiat wieluński";44;44;29;36;30;105;86;119;50;84;105;
1018000;"Powiat wieruszowski";17;23;59;65;31;112;59;64;102;65;84;
1019000;"Powiat zduńskowolski";91;103;88;74;163;136;178;126;133;157;207;
1020000;"Powiat zgierski";365;312;341;333;446;402;452;492;488;360;438;
1021000;"Powiat brzeziński";23;32;36;75;35;53;64;66;65;52;51;
1061000;"Powiat m. Łódź";4727;4150;4830;5427;5323;7029;7313;8049;9291;7168;8629;
1062000;"Powiat m. Piotrków Trybunalski";153;211;242;210;266;217;360;345;476;470;510;
1063000;"Powiat m. Skierniewice";184;161;202;164;165;260;315;181;245;333;233;
1201000;"Powiat bocheński";104;127;142;110;142;81;119;216;177;349;217;
1202000;"Powiat brzeski";14;25;40;32;53;69;46;41;37;75;140;
1203000;"Powiat chrzanowski";154;212;211;291;317;351;274;254;400;367;317;
1204000;"Powiat dąbrowski";17;7;9;26;17;16;19;27;49;142;102;
1205000;"Powiat gorlicki";75;62;71;66;63;53;104;64;51;107;100;
1206000;"Powiat krakowski";163;167;240;313;287;440;738;916;924;741;680;
1207000;"Powiat limanowski";33;46;46;45;37;49;46;51;77;81;74;
1208000;"Powiat miechowski";40;18;34;20;25;27;18;22;36;26;66;
1209000;"Powiat myślenicki";54;48;47;84;139;118;56;140;94;120;152;
1210000;"Powiat nowosądecki";161;153;175;166;141;160;145;121;175;177;364;
1211000;"Powiat nowotarski";110;71;89;102;116;230;230;226;221;164;306;
1212000;"Powiat olkuski";151;181;193;161;137;157;160;142;286;217;321;
1213000;"Powiat oświęcimski";195;249;283;326;363;447;434;446;439;610;529;
1214000;"Powiat proszowicki";8;12;15;17;24;17;11;13;16;76;16;
1215000;"Powiat suski";68;22;45;24;36;27;24;28;17;20;26;
1216000;"Powiat tarnowski";0;0;0;0;5;4;12;30;38;32;102;
1217000;"Powiat tatrzański";38;17;103;124;155;277;293;279;433;213;426;
1218000;"Powiat wadowicki";144;117;116;151;127;138;175;244;199;166;280;
1219000;"Powiat wielicki";280;454;323;369;610;551;685;788;1146;986;1261;
1261000;"Powiat m. Kraków";9721;10883;11090;10960;10502;11585;13163;11576;15566;15950;16472;
1262000;"Powiat m. Nowy Sącz";225;291;276;310;234;329;364;397;550;308;431;
1263000;"Powiat m. Tarnów";292;279;282;426;447;537;531;528;561;583;570;
1401000;"Powiat białobrzeski";8;7;12;19;26;16;18;48;17;29;6;
1402000;"Powiat ciechanowski";195;245;253;190;281;281;396;523;386;399;529;
1403000;"Powiat garwoliński";11;6;4;31;10;15;109;246;182;205;403;
1404000;"Powiat gostyniński";34;30;42;57;94;82;86;59;65;45;89;
1405000;"Powiat grodziski";18;54;117;192;211;252;390;807;1007;884;813;
1406000;"Powiat grójecki";0;10;20;133;136;309;171;352;378;617;416;
1407000;"Powiat kozienicki";66;75;102;67;77;121;106;103;98;84;98;
1408000;"Powiat legionowski";270;275;303;407;558;791;943;805;1240;810;1136;
1409000;"Powiat lipski";0;0;0;0;5;17;8;18;15;33;37;
1410000;"Powiat łosicki";44;7;48;37;6;13;82;17;14;45;76;
1411000;"Powiat makowski";0;0;0;0;12;35;59;52;43;32;96;
1412000;"Powiat miński";460;483;416;398;510;795;530;474;798;584;1397;
1413000;"Powiat mławski";223;200;237;213;279;251;351;338;664;336;475;
1414000;"Powiat nowodworski";284;265;416;336;382;329;492;732;616;557;473;
1415000;"Powiat ostrołęcki";3;0;3;0;0;0;0;0;4;12;11;
1416000;"Powiat ostrowski";23;23;66;42;34;53;80;69;103;132;54;
1417000;"Powiat otwocki";179;193;168;217;283;245;305;282;376;343;405;
1418000;"Powiat piaseczyński";1315;810;734;821;555;461;1447;3121;2695;1733;2815;
1419000;"Powiat płocki";35;34;34;54;38;58;44;67;84;61;64;
1420000;"Powiat płoński";120;125;136;147;137;138;113;144;173;91;239;
1421000;"Powiat pruszkowski";537;713;665;866;1477;911;712;1099;1462;1587;2148;
1422000;"Powiat przasnyski";82;65;90;56;128;68;146;140;127;247;195;
1423000;"Powiat przysuski";7;8;8;14;18;21;19;13;21;12;14;
1424000;"Powiat pułtuski";115;78;111;136;124;126;195;89;223;135;200;
1425000;"Powiat radomski";30;34;51;48;99;95;78;53;87;28;67;
1426000;"Powiat siedlecki";16;5;8;7;13;16;12;15;16;7;34;
1427000;"Powiat sierpecki";54;25;51;48;109;204;76;99;75;142;105;
1428000;"Powiat sochaczewski";76;183;108;135;154;162;169;104;235;222;283;
1429000;"Powiat sokołowski";44;91;114;82;167;87;225;83;187;175;96;
1430000;"Powiat szydłowiecki";18;28;18;22;54;42;27;28;27;67;54;
1432000;"Powiat warszawski zachodni";476;491;550;286;474;839;797;708;967;1223;1019;
1433000;"Powiat węgrowski";33;22;27;24;68;9;27;47;48;88;171;
1434000;"Powiat wołomiński";792;623;1132;1535;1531;1279;1732;1896;1944;1417;1447;
1435000;"Powiat wyszkowski";49;53;58;139;128;94;226;99;291;397;175;
1436000;"Powiat zwoleński";10;7;7;4;14;16;15;11;34;10;10;
1437000;"Powiat żuromiński";15;83;29;87;56;36;39;121;45;29;232;
1438000;"Powiat żyrardowski";110;223;164;183;301;212;355;370;405;426;149;
1461000;"Powiat m. Ostrołęka";223;169;137;242;234;183;383;353;243;197;462;
1462000;"Powiat m. Płock";499;589;599;611;851;907;1042;967;1105;888;1154;
1463000;"Powiat m. Radom";417;424;396;535;919;1030;1051;1025;1167;1158;1483;
1464000;"Powiat m. Siedlce";541;458;676;726;694;987;825;820;1035;859;610;
1465000;"Powiat m. st. Warszawa";12947;13937;21912;24731;23289;23192;22916;21691;21286;22754;23564;
1601000;"Powiat brzeski";254;301;313;342;458;499;503;499;570;552;550;
1602000;"Powiat głubczycki";102;83;95;93;122;125;105;308;147;117;160;
1603000;"Powiat kędzierzyńsko-kozielski";444;266;255;337;279;322;322;293;372;289;318;
1604000;"Powiat kluczborski";143;147;185;167;221;211;232;226;283;175;202;
1605000;"Powiat krapkowicki";127;129;123;118;111;125;79;120;143;298;239;
1606000;"Powiat namysłowski";97;146;163;188;152;223;196;191;160;201;195;
1607000;"Powiat nyski";284;219;304;394;448;448;499;524;671;653;705;
1608000;"Powiat oleski";51;35;48;49;36;47;51;44;75;76;62;
1609000;"Powiat opolski";126;80;88;125;155;179;194;125;225;185;225;
1610000;"Powiat prudnicki";100;84;90;95;128;130;147;160;176;147;167;
1611000;"Powiat strzelecki";93;96;100;98;130;133;137;80;104;78;163;
1661000;"Powiat m. Opole";793;883;841;915;1025;1331;1360;1707;1510;1682;1373;
1801000;"Powiat bieszczadzki";34;62;41;36;72;63;59;50;120;37;87;
1802000;"Powiat brzozowski";12;30;24;20;25;27;49;26;46;30;56;
1803000;"Powiat dębicki";95;116;118;89;145;134;176;155;439;307;298;
1804000;"Powiat jarosławski";121;163;138;151;257;211;219;209;291;235;195;
1805000;"Powiat jasielski";73;55;70;83;77;75;81;65;89;140;86;
1806000;"Powiat kolbuszowski";5;0;4;10;16;62;26;20;22;72;25;
1807000;"Powiat krośnieński";15;22;24;18;40;24;29;30;22;17;70;
1808000;"Powiat leżajski";30;36;42;44;53;56;68;35;79;69;65;
1809000;"Powiat lubaczowski";19;14;32;37;32;33;39;41;46;32;25;
1810000;"Powiat łańcucki";59;28;34;27;103;48;101;53;191;204;331;
1811000;"Powiat mielecki";114;74;131;175;201;174;184;227;309;328;335;
1812000;"Powiat niżański";30;10;21;18;35;29;20;23;32;26;25;
1813000;"Powiat przemyski";33;37;38;43;34;47;57;51;71;42;46;
1814000;"Powiat przeworski";35;22;25;39;27;46;42;32;47;36;121;
1815000;"Powiat ropczycko-sędziszowski";22;35;55;65;65;58;65;80;84;54;66;
1816000;"Powiat rzeszowski";97;108;86;134;152;290;356;312;226;378;279;
1817000;"Powiat sanocki";42;59;47;47;98;111;154;67;94;150;134;
1818000;"Powiat stalowowolski";201;195;259;312;385;290;306;188;319;304;334;
1819000;"Powiat strzyżowski";24;29;23;16;16;52;16;17;39;31;62;
1820000;"Powiat tarnobrzeski";39;38;55;41;46;67;81;67;66;62;56;
1821000;"Powiat leski";27;34;24;26;20;15;37;47;25;30;48;
1861000;"Powiat m. Krosno";126;115;136;104;101;111;215;158;150;220;145;
1862000;"Powiat m. Przemyśl";258;190;203;212;207;337;388;440;403;491;448;
1863000;"Powiat m. Rzeszów";1215;1177;1915;1052;1094;2586;4028;3740;4247;3434;2853;
1864000;"Powiat m. Tarnobrzeg";40;34;102;47;78;129;120;99;138;163;145;
2001000;"Powiat augustowski";105;66;126;98;78;86;197;79;140;198;170;
2002000;"Powiat białostocki";160;224;209;279;235;397;361;392;585;653;418;
2003000;"Powiat bielski";0;0;0;0;0;60;64;51;38;95;57;
2004000;"Powiat grajewski";57;56;60;105;63;154;129;133;100;60;109;
2005000;"Powiat hajnowski";0;0;44;39;55;54;74;69;64;36;83;
2006000;"Powiat kolneński";32;25;25;49;40;62;144;50;52;66;0;
2007000;"Powiat łomżyński";11;8;0;4;4;11;10;25;17;9;32;
2008000;"Powiat moniecki";8;4;12;19;27;19;52;113;19;19;11;
2009000;"Powiat sejneński";10;7;11;32;24;9;38;11;15;36;0;
2010000;"Powiat siemiatycki";0;5;5;17;5;51;28;13;93;51;99;
2011000;"Powiat sokólski";23;28;60;39;65;35;41;45;51;45;62;
2012000;"Powiat suwalski";8;17;22;21;17;15;22;7;23;15;22;
2013000;"Powiat wysokomazowiecki";24;24;6;37;28;70;40;36;31;116;145;
2014000;"Powiat zambrowski";99;110;120;85;81;101;124;105;275;134;141;
2061000;"Powiat m. Białystok";2069;2412;2448;2864;3146;2992;3510;3402;4592;3827;3958;
2062000;"Powiat m. Łomża";233;354;233;413;307;441;299;396;434;569;497;
2063000;"Powiat m. Suwałki";274;295;222;47;511;526;562;625;625;420;583;
2201000;"Powiat bytowski";117;137;152;226;225;266;246;277;302;271;213;
2202000;"Powiat chojnicki";188;202;144;154;286;337;374;383;366;461;287;
2203000;"Powiat człuchowski";119;131;152;160;174;164;188;236;316;191;183;
2204000;"Powiat gdański";934;831;607;770;843;1366;1172;1017;1693;1317;1747;
2205000;"Powiat kartuski";264;241;265;362;530;636;669;523;606;561;730;
2206000;"Powiat kościerski";82;121;130;144;144;167;124;236;151;173;221;
2207000;"Powiat kwidzyński";139;172;203;236;226;265;261;296;280;273;285;
2208000;"Powiat lęborski";303;291;345;381;374;506;504;530;633;548;566;
2209000;"Powiat malborski";292;261;263;249;299;416;394;380;425;359;425;
2210000;"Powiat nowodworski";86;151;166;161;226;145;216;257;248;371;378;
2211000;"Powiat pucki";386;306;568;489;635;815;813;914;1068;1363;1158;
2212000;"Powiat słupski";207;240;232;345;332;311;231;351;464;515;338;
2213000;"Powiat starogardzki";207;248;216;229;300;375;432;467;582;395;511;
2214000;"Powiat tczewski";420;486;527;596;532;730;642;678;805;735;1013;
2215000;"Powiat wejherowski";1228;1141;1212;1228;1476;1632;1944;2110;2856;2655;3028;
2216000;"Powiat sztumski";57;56;85;80;81;95;95;85;111;90;83;
2261000;"Powiat m. Gdańsk";6271;5469;6822;7704;8573;9682;9978;8475;9699;9186;8899;
2262000;"Powiat m. Gdynia";2078;2108;2215;1933;2913;2978;2866;3053;3980;3456;2445;
2263000;"Powiat m. Słupsk";479;553;684;665;817;1130;1079;1177;1225;984;1212;
2264000;"Powiat m. Sopot";335;428;383;470;457;390;340;455;557;351;322;
2401000;"Powiat będziński";372;387;390;371;413;546;591;497;656;699;628;
2402000;"Powiat bielski";224;193;219;203;209;195;201;238;521;345;445;
2403000;"Powiat cieszyński";257;233;337;336;360;275;378;264;197;392;515;
2404000;"Powiat częstochowski";44;26;50;74;64;66;70;53;76;73;89;
2405000;"Powiat gliwicki";209;232;255;325;334;348;378;326;491;308;345;
2406000;"Powiat kłobucki";13;15;32;20;50;31;27;22;33;98;79;
2407000;"Powiat lubliniecki";51;37;45;65;77;78;80;53;100;150;96;
2408000;"Powiat mikołowski";158;128;155;147;198;205;216;230;354;292;238;
2409000;"Powiat myszkowski";46;45;48;52;52;109;76;94;109;63;165;
2410000;"Powiat pszczyński";196;150;157;292;289;339;304;236;300;207;0;
2411000;"Powiat raciborski";176;193;229;224;250;266;270;261;358;298;364;
2412000;"Powiat rybnicki";18;22;27;69;98;101;94;75;109;84;125;
2413000;"Powiat tarnogórski";351;342;251;205;394;336;393;357;428;528;475;
2414000;"Powiat bieruńsko-lędziński";134;131;102;100;98;104;109;104;110;86;242;
2415000;"Powiat wodzisławski";86;116;190;200;215;214;229;230;246;256;217;
2416000;"Powiat zawierciański";159;166;17;97;206;219;256;198;203;158;183;
2417000;"Powiat żywiecki";38;61;43;76;56;97;103;80;115;167;270;
2461000;"Powiat m. Bielsko-Biała";688;829;822;729;917;804;911;888;1075;1273;1355;
2462000;"Powiat m. Bytom";716;789;831;902;1054;1351;1499;1353;1575;1295;1363;
2463000;"Powiat m. Chorzów";363;380;350;427;683;698;702;789;783;847;927;
2464000;"Powiat m. Częstochowa";477;466;582;619;679;786;1149;1265;1369;1486;1540;
2465000;"Powiat m. Dąbrowa Górnicza";278;242;364;385;370;289;355;484;723;550;0;
2466000;"Powiat m. Gliwice";955;1068;1006;1135;1255;1662;1521;1609;2129;2028;2003;
2467000;"Powiat m. Jastrzębie-Zdrój";70;111;133;129;144;254;242;240;279;278;0;
2468000;"Powiat m. Jaworzno";356;356;418;387;388;364;584;322;451;452;383;
2469000;"Powiat m. Katowice";996;1104;1153;1349;1610;1876;1707;1531;1379;248;4031;
2470000;"Powiat m. Mysłowice";322;381;317;419;458;439;359;242;440;366;403;
2471000;"Powiat m. Piekary Śląskie";154;172;169;199;180;269;217;238;326;319;321;
2472000;"Powiat m. Ruda Śląska";485;564;437;650;640;731;696;755;918;764;827;
2473000;"Powiat m. Rybnik";298;161;156;326;472;484;463;385;704;498;610;
2474000;"Powiat m. Siemianowice Śląskie";500;273;396;347;414;468;485;402;501;405;827;
2475000;"Powiat m. Sosnowiec";475;361;568;354;487;444;451;934;1369;1311;1664;
2476000;"Powiat m. Świętochłowice";163;187;279;236;257;244;200;262;428;364;377;
2477000;"Powiat m. Tychy";685;628;840;712;869;917;896;1172;1117;744;913;
2478000;"Powiat m. Zabrze";546;521;612;719;1007;1196;1334;1154;1456;1132;1244;
2479000;"Powiat m. Żory";160;143;168;192;222;221;179;198;362;349;342;
2601000;"Powiat buski";38;23;39;45;47;51;58;59;153;74;191;
2602000;"Powiat jędrzejowski";0;0;65;71;18;95;114;136;134;152;59;
2603000;"Powiat kazimierski";5;7;9;19;14;10;19;15;14;18;7;
2604000;"Powiat kielecki";3;12;4;6;4;13;68;37;140;81;98;
2605000;"Powiat konecki";43;45;45;59;56;75;66;48;62;49;72;
2606000;"Powiat opatowski";8;11;18;15;18;37;32;40;44;38;15;
2607000;"Powiat ostrowiecki";75;159;87;96;87;97;97;145;248;181;200;
2608000;"Powiat pińczowski";30;23;30;36;31;30;31;28;31;34;22;
2609000;"Powiat sandomierski";32;45;54;49;54;47;9;28;80;54;62;
2610000;"Powiat skarżyski";81;84;98;146;153;187;187;113;189;229;259;
2611000;"Powiat starachowicki";133;166;148;185;201;226;223;182;263;190;250;
2612000;"Powiat staszowski";33;38;40;39;64;49;37;76;85;49;42;
2613000;"Powiat włoszczowski";26;22;33;34;42;28;33;20;36;60;65;
2661000;"Powiat m. Kielce";1110;1032;1285;1301;1286;1673;1748;2160;2102;1975;2093;
2801000;"Powiat bartoszycki";150;163;150;165;145;216;208;209;231;211;245;
2802000;"Powiat braniewski";122;135;126;141;178;189;171;168;187;141;177;
2803000;"Powiat działdowski";203;154;201;173;162;273;328;282;239;328;372;
2804000;"Powiat elbląski";97;91;90;109;119;105;172;116;168;142;116;
2805000;"Powiat ełcki";429;422;392;405;496;519;783;755;831;771;568;
2806000;"Powiat giżycki";297;225;330;252;497;432;417;545;308;342;226;
2807000;"Powiat iławski";359;306;340;463;439;766;561;469;604;615;657;
2808000;"Powiat kętrzyński";191;257;212;249;292;263;336;275;339;238;288;
2809000;"Powiat lidzbarski";104;131;117;124;151;158;166;165;221;152;137;
2810000;"Powiat mrągowski";116;181;172;203;180;153;255;197;252;227;165;
2811000;"Powiat nidzicki";72;70;81;103;81;151;183;118;141;74;87;
2812000;"Powiat nowomiejski";41;58;46;51;56;98;68;56;93;101;113;
2813000;"Powiat olecki";88;109;120;176;158;195;153;171;206;176;269;
2814000;"Powiat olsztyński";91;363;490;677;707;984;1019;720;1178;785;974;
2815000;"Powiat ostródzki";301;363;377;343;422;505;459;623;503;1046;547;
2816000;"Powiat piski";153;145;159;231;266;220;213;173;231;210;248;
2817000;"Powiat szczycieński";185;163;167;230;257;217;265;273;279;306;228;
2818000;"Powiat gołdapski";79;87;112;103;110;129;154;92;128;98;98;
2819000;"Powiat węgorzewski";61;65;53;68;71;91;102;94;162;117;65;
2861000;"Powiat m. Elbląg";559;611;610;561;1020;965;1024;1325;1269;1283;1260;
2862000;"Powiat m. Olsztyn";1844;1864;1804;1450;2042;1984;2132;2121;2519;2273;2372;
3001000;"Powiat chodzieski";59;58;65;78;143;94;99;68;176;126;120;
3002000;"Powiat czarnkowsko-trzcianecki";128;180;173;124;138;95;134;113;143;188;125;
3003000;"Powiat gnieźnieński";344;286;209;338;364;351;525;488;777;507;466;
3004000;"Powiat gostyński";86;78;102;132;178;178;209;127;299;237;172;
3005000;"Powiat grodziski";65;80;85;101;129;126;105;152;156;268;146;
3006000;"Powiat jarociński";43;64;47;109;132;165;182;297;405;298;480;
3007000;"Powiat kaliski";8;11;17;19;7;17;20;10;16;15;46;
3008000;"Powiat kępiński";8;10;8;8;69;79;142;148;200;205;214;
3009000;"Powiat kolski";49;56;69;65;77;69;86;108;111;90;105;
3010000;"Powiat koniński";4;9;34;47;58;80;39;56;69;96;84;
3011000;"Powiat kościański";124;112;138;168;183;244;212;344;284;295;279;
3012000;"Powiat krotoszyński";140;153;160;204;167;156;269;221;163;215;286;
3013000;"Powiat leszczyński";8;4;31;69;108;168;154;260;296;295;274;
3014000;"Powiat międzychodzki";75;83;97;94;85;95;78;89;143;96;72;
3015000;"Powiat nowotomyski";118;161;187;178;146;192;154;196;262;269;267;
3016000;"Powiat obornicki";136;154;147;225;134;256;291;368;326;356;303;
3017000;"Powiat ostrowski";10;37;181;170;400;571;478;487;636;586;421;
3018000;"Powiat ostrzeszowski";49;47;56;67;54;98;35;89;37;77;92;
3019000;"Powiat pilski";253;288;377;457;483;588;624;718;993;835;830;
3020000;"Powiat pleszewski";74;84;94;95;63;58;74;55;156;288;154;
3021000;"Powiat poznański";1997;2158;2066;1650;949;3397;3633;3485;2536;2710;4519;
3022000;"Powiat rawicki";91;68;86;101;141;175;179;165;125;149;218;
3023000;"Powiat słupecki";51;30;59;51;60;49;95;82;107;113;109;
3024000;"Powiat szamotulski";80;98;41;230;317;290;400;449;469;332;306;
3025000;"Powiat średzki";49;46;73;172;221;337;234;97;208;381;389;
3026000;"Powiat śremski";91;63;86;71;193;328;257;331;271;286;212;
3027000;"Powiat turecki";127;104;100;152;197;132;115;121;216;236;128;
3028000;"Powiat wągrowiecki";117;175;182;224;159;189;207;163;305;299;320;
3029000;"Powiat wolsztyński";64;37;43;32;90;111;75;126;143;158;71;
3030000;"Powiat wrzesiński";269;227;377;414;831;656;630;754;608;514;545;
3031000;"Powiat złotowski";108;165;220;201;242;181;312;240;304;335;292;
3061000;"Powiat m. Kalisz";382;291;318;397;535;653;704;654;750;800;657;
3062000;"Powiat m. Konin";248;275;340;334;304;432;388;399;656;403;416;
3063000;"Powiat m. Leszno";198;174;276;230;406;346;433;519;535;601;449;
3064000;"Powiat m. Poznań";4960;5259;5857;6115;6518;7538;3644;4529;6382;9254;8680;
3201000;"Powiat białogardzki";107;140;144;157;183;229;231;182;235;210;184;
3202000;"Powiat choszczeński";83;111;129;154;134;193;196;174;227;165;213;
3203000;"Powiat drawski";119;118;139;189;166;186;208;178;212;180;191;
3204000;"Powiat goleniowski";302;299;273;272;296;342;357;284;249;275;384;
3205000;"Powiat gryficki";155;174;163;180;199;248;254;250;384;770;315;
3206000;"Powiat gryfiński";235;189;237;244;265;278;286;256;429;330;440;
3207000;"Powiat kamieński";329;312;183;332;388;424;388;480;349;865;375;
3208000;"Powiat kołobrzeski";701;659;508;591;325;1200;758;411;2002;1368;1158;
3209000;"Powiat koszaliński";262;325;190;268;305;461;634;509;565;443;358;
3210000;"Powiat myśliborski";145;150;185;216;204;226;232;226;327;224;202;
3211000;"Powiat policki";418;392;281;428;328;412;597;376;724;828;654;
3212000;"Powiat pyrzycki";73;86;102;99;100;114;149;130;155;125;111;
3213000;"Powiat sławieński";136;205;226;197;307;252;294;349;421;441;368;
3214000;"Powiat stargardzki";440;576;514;543;667;889;685;951;907;834;1095;
3215000;"Powiat szczecinecki";238;280;280;292;406;477;499;598;565;318;459;
3216000;"Powiat świdwiński";121;115;118;155;146;206;169;202;206;200;197;
3217000;"Powiat wałecki";114;130;175;149;199;191;231;244;262;198;272;
3218000;"Powiat łobeski";91;101;111;118;122;114;132;93;139;138;172;
3261000;"Powiat m. Koszalin";445;453;478;593;714;693;519;0;0;0;993;
3262000;"Powiat m. Szczecin";3172;3011;2763;3758;4178;4244;3531;230;689;155;422;
3263000;"Powiat m. Świnoujście";170;218;252;253;403;299;343;369;417;506;349;
