"Kod";"Nazwa";"ogółem;2013;[zł]";"ogółem;2014;[zł]";"ogółem;2015;[zł]";"ogółem;2016;[zł]";"ogółem;2017;[zł]";"ogółem;2018;[zł]";"ogółem;2019;[zł]";"ogółem;2020;[zł]";"ogółem;2021;[zł]";"ogółem;2022;[zł]";"ogółem;2023;[zł]";
0201000;"Powiat bolesławiecki";3231,49;3422,90;3548,69;3666,19;3901,94;4214,66;4545,34;4887,95;5461,94;6181,60;6871,28;
0202000;"Powiat dzierżoniowski";3156,11;3299,96;3406,18;3562,63;3825,15;4024,94;4484,28;4690,20;5127,97;5723,65;6459,49;
0203000;"Powiat głogowski";3320,48;3460,12;3615,99;3723,59;3918,42;4077,69;4427,98;4763,21;5171,28;5856,76;6660,00;
0204000;"Powiat górowski";3066,83;3142,52;3242,71;3386,93;3484,31;3815,89;3978,78;4432,40;4862,88;5423,11;6060,11;
0205000;"Powiat jaworski";3040,71;3142,45;3323,37;3546,24;3756,46;4029,64;4408,00;4932,98;5554,54;6142,84;7059,41;
0206000;"Powiat karkonoski";3128,87;3232,50;3413,66;3548,55;3760,49;4035,56;4353,43;4526,41;5050,91;5627,61;6287,20;
0207000;"Powiat kamiennogórski";3045,35;3161,57;3269,22;3460,07;3661,88;4013,33;4319,48;4532,19;4885,26;5550,65;6213,96;
0208000;"Powiat kłodzki";3200,48;3333,36;3410,23;3526,67;3741,83;4054,23;4386,83;4747,93;5141,98;5670,31;6527,23;
0209000;"Powiat legnicki";3179,49;3354,83;3403,32;3579,41;3774,63;4185,47;4652,61;4877,07;5452,05;6116,35;6977,28;
0210000;"Powiat lubański";3034,94;3195,72;3313,97;3431,31;3622,21;3939,03;4173,43;4508,29;4980,17;5516,56;6215,31;
0211000;"Powiat lubiński";6641,40;6807,05;6955,85;7170,21;7515,99;7915,01;8274,57;8920,41;10076,64;11361,51;12804,03;
0212000;"Powiat lwówecki";3104,47;3132,07;3323,95;3420,20;3570,16;3950,65;4284,69;4622,42;5049,64;5580,03;6194,99;
0213000;"Powiat milicki";2935,92;3082,62;3221,15;3349,75;3617,72;3734,38;3996,41;4338,67;4848,85;5313,76;6083,81;
0214000;"Powiat oleśnicki";3254,89;3308,51;3456,50;3631,94;3857,75;4128,29;4457,79;4773,90;5113,77;5762,83;6496,00;
0215000;"Powiat oławski";3398,13;3538,01;3738,78;3881,26;4150,54;4415,62;4804,75;4987,74;5467,98;6030,47;6871,32;
0216000;"Powiat polkowicki";4050,14;4292,91;4430,87;4478,18;4794,62;4941,87;5338,08;5606,23;6120,80;6861,21;7764,33;
0217000;"Powiat strzeliński";3393,16;3485,97;3595,32;3725,39;4082,13;4398,08;4774,00;5161,72;5671,21;6320,71;7147,32;
0218000;"Powiat średzki";3602,22;3879,13;3826,72;4029,00;4389,17;4805,68;5069,72;5260,90;5761,88;6315,50;7322,95;
0219000;"Powiat świdnicki";3394,63;3547,60;3736,97;3887,57;4141,32;4427,25;4741,36;5053,92;5469,98;6059,31;6764,59;
0220000;"Powiat trzebnicki";3166,96;3226,50;3323,99;3437,11;3664,48;3955,41;4237,62;4611,02;5235,04;5852,88;6743,32;
0221000;"Powiat wałbrzyski";3138,11;3213,78;3293,54;3528,00;3638,59;3825,44;4065,01;4385,23;4759,75;5431,27;6099,58;
0222000;"Powiat wołowski";3554,83;3791,34;4001,80;4202,10;4651,04;5086,07;5473,27;5907,36;6793,03;7909,26;7922,52;
0223000;"Powiat wrocławski";3638,25;3814,74;3706,59;3964,54;4324,13;4880,00;5324,29;5868,29;6489,25;7161,33;8214,48;
0224000;"Powiat ząbkowicki";3201,11;3284,04;3388,52;3434,23;3583,79;3856,48;4178,50;4556,76;4975,61;5615,48;6223,41;
0225000;"Powiat zgorzelecki";3435,69;3551,19;3630,73;3680,53;3866,56;4225,18;4521,09;4881,55;5346,28;5980,91;6812,01;
0226000;"Powiat złotoryjski";3574,21;3681,55;3826,13;3922,04;4113,06;4362,98;4731,02;5118,53;5591,14;6235,18;7310,37;
0261000;"Powiat m. Jelenia Góra";3367,22;3577,03;3835,12;3979,80;4237,50;4546,12;4848,79;5183,33;5646,31;6282,14;7101,35;
0262000;"Powiat m. Legnica";3188,81;3406,69;3582,11;3728,92;3998,28;4259,37;4719,65;4952,32;5463,27;6068,54;6901,05;
0264000;"Powiat m. Wrocław";4129,56;4337,99;4569,88;4800,54;5070,35;5338,47;5757,54;6140,64;6693,90;7391,95;8334,84;
0265000;"Powiat m. Wałbrzych od 2013";3735,14;3943,28;4036,65;4180,67;4481,44;4768,01;5189,24;5565,38;6015,80;6731,24;7584,09;
0401000;"Powiat aleksandrowski";2913,18;2992,70;3099,06;3170,04;3399,70;3641,04;3918,09;4138,84;4651,79;5256,91;6019,18;
0402000;"Powiat brodnicki";2989,17;3146,55;3165,06;3348,46;3552,02;3762,94;4027,09;4291,16;4666,18;5179,20;5919,35;
0403000;"Powiat bydgoski";3233,47;3410,14;3548,05;3656,85;3933,52;4208,79;4449,27;4752,76;5167,77;5793,56;6461,57;
0404000;"Powiat chełmiński";3095,76;3250,60;3299,94;3435,24;3639,96;3795,52;4117,98;4492,13;4901,95;5339,74;5970,02;
0405000;"Powiat golubsko-dobrzyński";3179,59;3374,60;3492,49;3675,99;3926,17;4313,35;4521,71;4974,93;5272,37;6015,41;6678,54;
0406000;"Powiat grudziądzki";3136,50;3305,50;3403,47;3564,13;3748,43;3950,03;4294,97;4677,24;5009,38;5523,49;6220,48;
0407000;"Powiat inowrocławski";3096,02;3196,03;3257,22;3427,27;3626,17;3839,40;4141,32;4597,12;4988,03;5655,28;6449,06;
0408000;"Powiat lipnowski";2886,36;2898,10;2859,77;3056,40;3218,45;3491,32;3761,30;4106,90;4455,86;4910,26;5658,46;
0409000;"Powiat mogileński";2949,32;3155,63;3317,85;3398,81;3678,82;3855,21;4107,94;4263,04;4704,01;5482,81;6386,99;
0410000;"Powiat nakielski";3080,04;3122,28;3182,69;3321,17;3468,65;3706,48;4102,99;4423,48;4822,85;5907,85;6603,55;
0411000;"Powiat radziejowski";2858,06;2931,39;3095,39;3190,28;3378,02;3596,25;3906,53;4320,09;4799,97;5248,74;6076,36;
0412000;"Powiat rypiński";2983,31;3089,22;3134,03;3272,60;3464,17;3741,05;3979,24;4219,07;4668,80;5140,39;5844,89;
0413000;"Powiat sępoleński";3077,03;3148,04;3232,37;3324,28;3529,86;3730,47;3977,99;4308,57;4702,98;5229,53;5892,07;
0414000;"Powiat świecki";3343,53;3482,66;3516,40;3630,37;3882,92;4170,33;4580,35;4858,33;5211,03;5795,79;6561,15;
0415000;"Powiat toruński";2911,23;3036,13;3107,90;3298,27;3483,08;3726,88;4027,12;4394,70;4737,52;5441,72;6185,35;
0416000;"Powiat tucholski";2882,14;2983,14;3067,37;3154,01;3353,75;3600,87;3919,91;4208,91;4640,12;5164,79;5840,11;
0417000;"Powiat wąbrzeski";3132,56;3204,19;3336,63;3478,59;3741,15;3934,94;4334,78;4709,17;5091,85;5653,97;6249,49;
0418000;"Powiat włocławski";2883,38;3058,58;3137,40;3269,66;3503,37;3771,18;4107,48;4383,49;4807,59;5289,63;5925,34;
0419000;"Powiat żniński";2877,89;2927,35;3042,27;3140,27;3363,90;3654,34;3896,63;4285,37;4600,57;5169,82;5985,65;
0461000;"Powiat m. Bydgoszcz";3589,06;3677,79;3850,09;3950,95;4185,10;4481,39;4957,38;5252,17;5848,22;6435,59;7478,19;
0462000;"Powiat m. Grudziądz";3021,42;3196,00;3212,29;3323,90;3513,56;3743,06;3976,49;4414,17;4825,20;5299,09;6034,07;
0463000;"Powiat m. Toruń";3719,69;3876,00;3991,61;4170,83;4384,59;4629,36;4980,31;5331,63;5841,99;6450,47;7308,74;
0464000;"Powiat m. Włocławek";3419,98;3530,87;3631,31;3770,16;3941,33;4166,00;4505,60;4889,30;5294,49;5892,16;6687,25;
0601000;"Powiat bialski";2949,52;3045,06;3127,01;3184,04;3409,49;3668,41;3991,12;4258,54;4594,45;5288,19;5953,72;
0602000;"Powiat biłgorajski";3088,20;3200,89;3343,68;3530,69;3699,34;3907,04;4176,81;4522,48;4781,00;5109,51;5694,27;
0603000;"Powiat chełmski";3021,08;3150,13;3251,54;3333,95;3410,65;3648,16;3921,71;4291,62;4637,15;5126,89;5793,46;
0604000;"Powiat hrubieszowski";3116,46;3194,54;3275,78;3425,56;3572,95;3821,25;4205,48;4518,56;5019,57;5487,37;6247,83;
0605000;"Powiat janowski";3100,51;3321,20;3436,38;3485,33;3657,09;4007,96;4225,92;4437,27;5061,82;5574,12;6336,93;
0606000;"Powiat krasnostawski";3128,85;3236,28;3315,19;3412,40;3619,20;3862,53;4096,88;4548,95;4843,32;5376,97;6131,62;
0607000;"Powiat kraśnicki";2953,64;3125,11;3197,23;3327,58;3459,00;3691,03;3961,16;4244,39;4683,04;5139,37;5937,05;
0608000;"Powiat lubartowski";2993,79;3089,12;3144,70;3237,98;3419,63;3635,35;4003,85;4369,45;4824,58;5250,01;5894,65;
0609000;"Powiat lubelski";3029,43;3141,58;3239,53;3308,85;3527,13;3673,03;3943,73;4253,09;4615,93;5115,88;5868,83;
0610000;"Powiat łęczyński";5138,84;5375,67;5112,84;5294,68;5512,40;5772,29;6177,04;6391,65;7165,63;8543,50;10420,06;
0611000;"Powiat łukowski";2883,30;2955,72;3065,51;3238,34;3403,31;3578,47;3846,62;4146,78;4562,15;5256,57;5816,88;
0612000;"Powiat opolski";3020,99;3129,37;3257,97;3344,45;3490,05;3692,97;3927,80;4252,35;4547,18;5132,54;5808,93;
0613000;"Powiat parczewski";3037,61;3169,06;3217,95;3352,33;3565,96;3764,14;4092,69;4478,61;4881,98;5399,11;6140,77;
0614000;"Powiat puławski";3785,23;3855,51;4022,67;4160,35;4440,23;4615,24;4902,81;5311,80;5680,00;6254,05;6871,29;
0615000;"Powiat radzyński";3169,19;3206,39;3243,52;3387,21;3598,62;3787,89;4064,52;4385,35;4775,71;5547,83;6233,24;
0616000;"Powiat rycki";3050,99;3101,76;3207,52;3339,39;3544,04;3754,48;4014,66;4386,95;4786,07;5359,49;5946,05;
0617000;"Powiat świdnicki";3620,47;3847,83;4050,02;4109,67;4312,35;4624,28;4861,68;5074,45;5537,67;6162,15;6954,42;
0618000;"Powiat tomaszowski";2931,59;3034,51;3144,81;3256,18;3405,09;3681,44;3906,06;4337,56;4556,75;5100,78;5859,33;
0619000;"Powiat włodawski";3073,43;3174,79;3267,12;3389,98;3519,39;3658,82;3924,59;4333,34;4724,35;5234,17;6000,38;
0620000;"Powiat zamojski";2870,16;3005,11;3021,19;3243,03;3242,06;3474,14;3671,45;4135,39;4373,85;4926,90;5642,09;
0661000;"Powiat m. Biała Podlaska";3461,96;3539,80;3643,59;3782,03;3763,62;3913,47;4165,17;4504,47;4984,69;5691,80;6400,24;
0662000;"Powiat m. Chełm";3184,22;3259,18;3371,93;3537,53;3689,33;3976,28;4182,86;4581,83;4945,78;5619,61;6349,53;
0663000;"Powiat m. Lublin";3820,91;3955,65;4060,17;4169,46;4431,61;4708,40;5054,93;5412,39;5833,53;6402,56;7443,57;
0664000;"Powiat m. Zamość";3410,42;3511,40;3684,12;3794,50;3954,10;4244,03;4579,40;5013,44;5405,57;5875,74;6679,65;
0801000;"Powiat gorzowski";3524,85;3597,06;3818,44;3882,12;4090,10;4495,22;4730,58;5012,81;5419,18;6162,20;7139,07;
0802000;"Powiat krośnieński";3232,97;3351,05;3503,74;3835,52;3996,47;4255,01;4361,37;4765,10;5127,37;5730,70;6637,01;
0803000;"Powiat międzyrzecki";3216,20;3345,15;3466,06;3583,99;3768,95;4066,99;4263,28;4569,86;5085,53;5695,99;6625,23;
0804000;"Powiat nowosolski";3253,97;3372,90;3507,98;3661,03;3914,15;4174,69;4517,64;4625,15;5132,85;5810,07;6766,75;
0805000;"Powiat słubicki";3282,94;3454,74;3534,54;3683,72;3718,52;4014,73;4278,58;4480,78;4733,20;5920,34;6701,31;
0806000;"Powiat strzelecko-drezdenecki";3261,10;3410,80;3552,74;3689,38;3819,16;4124,64;4328,07;4560,14;5038,23;5727,06;6383,30;
0807000;"Powiat sulęciński";2740,65;2925,57;3019,27;3161,56;3468,90;3829,00;3992,31;4292,99;4685,18;5335,40;6018,27;
0808000;"Powiat świebodziński";3104,58;3308,49;3455,57;3712,08;3968,58;4234,21;4566,65;4659,04;5242,75;6154,27;6975,86;
0809000;"Powiat zielonogórski";3320,76;3408,24;3699,79;3810,06;4067,93;4330,43;4657,96;5037,75;5392,72;6162,35;6866,37;
0810000;"Powiat żagański";3001,13;3125,35;3249,08;3428,40;3587,59;3843,35;4155,89;4484,13;4823,38;5468,20;6259,95;
0811000;"Powiat żarski";3501,25;3596,66;3712,82;3925,75;4067,66;4426,69;4769,05;5047,09;5659,45;6172,02;6929,71;
0812000;"Powiat wschowski";3006,82;3130,04;3233,14;3359,68;3553,21;3866,11;4234,83;4470,96;4866,09;5453,09;6247,33;
0861000;"Powiat m. Gorzów Wielkopolski";3313,03;3432,87;3532,91;3670,29;3934,20;4224,62;4496,08;4788,88;5242,27;5890,85;6713,76;
0862000;"Powiat m. Zielona Góra";3363,53;3578,27;3731,67;3919,96;4173,04;4419,34;4893,47;5212,80;5697,74;6462,80;7487,10;
1001000;"Powiat bełchatowski";5512,35;5578,37;5791,89;5778,97;5926,37;6259,40;6695,94;7002,62;7288,32;8140,22;9268,84;
1002000;"Powiat kutnowski";3265,05;3396,11;3553,67;3685,59;3946,40;4206,84;4448,31;4786,11;5228,84;5800,64;6598,59;
1003000;"Powiat łaski";2749,14;2843,66;2954,03;3041,80;3227,11;3432,41;3798,69;4162,46;4475,37;5241,99;5879,09;
1004000;"Powiat łęczycki";3425,90;3532,14;3582,28;3725,91;3885,89;4104,85;4378,45;4822,41;5112,54;6026,04;6905,17;
1005000;"Powiat łowicki";3121,34;3201,38;3247,31;3337,54;3534,91;3781,96;4080,42;4460,42;4866,80;5395,60;6192,74;
1006000;"Powiat łódzki wschodni";2796,04;2951,68;3118,38;3256,75;3463,82;3759,87;4041,73;4423,99;4921,85;5475,31;6313,01;
1007000;"Powiat opoczyński";3004,95;3087,19;3174,36;3263,60;3427,90;3679,30;3940,12;4343,35;4877,79;5462,96;6391,34;
1008000;"Powiat pabianicki";3094,69;3189,30;3402,55;3539,63;3778,57;4046,87;4408,23;4675,17;5097,18;5650,74;6349,64;
1009000;"Powiat pajęczański";3227,39;3339,61;3429,55;3530,89;3672,03;3919,72;4151,26;4573,46;4878,09;5467,17;6143,74;
1010000;"Powiat piotrkowski";2886,28;2957,04;3058,72;3196,29;3436,14;3695,68;3986,06;4255,64;4657,40;5278,96;5846,87;
1011000;"Powiat poddębicki";3690,42;3743,12;3900,35;4094,44;4387,98;4679,92;5252,21;5688,39;6479,53;7377,24;8302,47;
1012000;"Powiat radomszczański";2838,40;2994,84;3088,13;3220,16;3406,71;3631,65;3942,12;4368,96;4807,65;5333,33;6032,02;
1013000;"Powiat rawski";3058,13;3168,26;3304,09;3366,71;3561,95;4027,10;4255,27;4509,52;5001,06;5550,93;6172,78;
1014000;"Powiat sieradzki";3082,99;3205,91;3297,51;3453,10;3648,13;3949,33;4272,65;4741,55;5105,75;5626,08;6435,58;
1015000;"Powiat skierniewicki";2964,68;3167,86;3301,35;3467,73;3612,61;3893,12;4137,68;4451,49;4861,50;5408,39;6092,92;
1016000;"Powiat tomaszowski";3009,61;3094,40;3258,86;3295,07;3554,59;3807,65;4091,46;4473,72;4926,75;5478,29;6341,69;
1017000;"Powiat wieluński";2987,22;3148,95;3252,66;3383,38;3640,03;3851,65;4166,35;4342,78;4994,12;5497,22;6238,07;
1018000;"Powiat wieruszowski";2722,07;2797,73;2976,04;3094,11;3267,25;3454,23;3727,74;4165,25;4510,26;5075,66;5645,70;
1019000;"Powiat zduńskowolski";2986,98;3051,23;3146,61;3271,45;3533,99;3745,55;3971,72;4382,66;4818,67;5607,97;6087,95;
1020000;"Powiat zgierski";3301,43;3389,26;3573,69;3737,14;4017,73;4378,56;4655,05;5081,59;5476,77;6024,38;6749,27;
1021000;"Powiat brzeziński";2607,32;2647,73;2748,42;2901,50;3071,31;3385,89;3806,53;4113,70;4605,78;5262,32;6050,65;
1061000;"Powiat m. Łódź";3710,91;3837,47;4047,78;4230,12;4462,50;4779,47;5174,84;5510,99;6062,04;6629,23;7548,10;
1062000;"Powiat m. Piotrków Trybunalski";2769,22;2952,79;3107,13;3229,18;3446,86;3765,37;4089,07;4422,85;5029,34;5465,30;6168,36;
1063000;"Powiat m. Skierniewice";3082,48;3151,06;3218,53;3437,05;3598,89;3963,58;4293,90;4691,83;5145,34;5797,49;6503,98;
1201000;"Powiat bocheński";3230,64;3359,59;3464,39;3606,23;3783,80;4003,85;4289,47;4523,92;5056,61;5642,88;6184,90;
1202000;"Powiat brzeski";2928,51;3048,33;3171,11;3237,03;3446,38;3690,17;3954,37;4244,82;4676,17;5127,71;5894,20;
1203000;"Powiat chrzanowski";3323,83;3455,97;3554,03;3710,34;3878,27;4208,19;4595,24;4912,69;5321,95;6020,61;6898,73;
1204000;"Powiat dąbrowski";3054,85;3178,77;3245,29;3386,45;3652,45;3794,60;4085,83;4425,26;4807,50;5271,12;6065,58;
1205000;"Powiat gorlicki";2920,54;2952,40;3060,43;3178,84;3430,00;3594,66;3881,28;4158,62;4619,28;5027,39;5761,59;
1206000;"Powiat krakowski";3759,07;3856,94;4204,13;4509,18;4858,15;5248,76;5514,71;5788,98;5562,32;6385,62;7252,41;
1207000;"Powiat limanowski";2994,25;3115,85;3167,23;3259,44;3438,40;3647,39;3870,43;4163,22;4650,69;5183,78;5935,46;
1208000;"Powiat miechowski";2983,24;3094,46;3189,73;3249,28;3436,12;3698,91;4024,88;4415,03;4906,57;5415,22;6131,46;
1209000;"Powiat myślenicki";2917,16;3003,06;3094,21;3477,49;3745,92;4015,38;4286,31;4525,20;5025,52;5603,51;6224,14;
1210000;"Powiat nowosądecki";2871,55;2989,86;3142,18;3240,29;3396,14;3681,50;3909,31;4160,76;4540,71;5134,07;5909,25;
1211000;"Powiat nowotarski";2882,17;3039,93;3121,96;3190,67;3400,75;3714,71;3945,52;4335,07;4664,68;5168,93;5858,04;
1212000;"Powiat olkuski";3546,79;3664,13;3731,21;3866,38;4139,68;4436,66;4671,20;4920,77;5266,62;5894,22;6553,06;
1213000;"Powiat oświęcimski";3386,14;3541,48;3677,68;3808,61;4048,20;4311,80;4615,99;4911,73;5422,84;5899,89;6512,03;
1214000;"Powiat proszowicki";3021,40;3180,67;3313,87;3406,45;3675,73;3884,93;4260,59;4635,66;4968,09;5577,77;6178,05;
1215000;"Powiat suski";3076,24;3174,31;3323,95;3406,33;3675,07;3956,37;4212,34;4482,76;4955,34;5555,61;6182,10;
1216000;"Powiat tarnowski";2827,56;2948,00;3049,76;3155,92;3308,87;3511,79;3779,10;4149,11;4516,68;5010,43;5678,11;
1217000;"Powiat tatrzański";3276,19;3401,20;3520,09;3687,87;3916,60;4190,35;4459,57;4655,05;5056,45;5519,76;6396,51;
1218000;"Powiat wadowicki";2926,30;3004,74;3115,83;3281,91;3495,69;3761,99;4085,96;4457,27;4936,99;5385,08;6048,26;
1219000;"Powiat wielicki";3479,18;3661,08;3812,11;3942,56;4164,18;4474,30;4768,99;5047,98;5369,27;6201,22;7019,50;
1261000;"Powiat m. Kraków";3997,80;4152,52;4431,17;4635,26;4966,20;5368,39;5878,79;6482,24;7203,41;8157,43;9223,73;
1262000;"Powiat m. Nowy Sącz";3098,19;3193,43;3302,29;3416,14;3578,27;3860,88;4115,73;4468,93;4838,59;5478,44;6253,50;
1263000;"Powiat m. Tarnów";3448,15;3513,75;3668,76;3791,71;3947,37;4161,78;5216,76;5629,79;6035,40;6721,47;7650,54;
1401000;"Powiat białobrzeski";3384,33;3612,78;3501,61;3461,85;3796,54;3924,35;4119,06;4410,45;4968,13;5563,78;6300,44;
1402000;"Powiat ciechanowski";3460,07;3564,73;3702,17;3840,19;4093,02;4466,27;4755,95;4967,97;5411,99;6213,79;6842,35;
1403000;"Powiat garwoliński";3406,49;3606,76;3671,07;3776,65;3893,41;4150,96;4373,13;4708,21;5145,34;5700,38;6409,48;
1404000;"Powiat gostyniński";3073,49;3164,95;3270,47;3394,93;3652,70;3876,10;4236,19;4637,28;5166,55;5806,09;6601,43;
1405000;"Powiat grodziski";3997,34;4135,31;4211,62;4352,30;4682,77;4978,59;5395,42;5761,51;6355,26;7139,72;7897,77;
1406000;"Powiat grójecki";3646,41;3845,30;3913,66;4133,21;4340,66;4584,70;4854,27;5088,28;5631,52;6247,81;6985,39;
1407000;"Powiat kozienicki";4445,71;4635,34;4698,55;4930,22;5164,02;5488,52;5673,51;5467,11;6517,33;7274,27;8404,56;
1408000;"Powiat legionowski";3689,53;3748,86;3889,27;3975,24;4166,59;4433,54;4722,05;5059,53;5512,45;6034,24;6827,81;
1409000;"Powiat lipski";3228,39;3372,09;3476,69;3567,68;3720,86;3869,60;4257,08;4564,75;5096,43;5595,82;6451,23;
1410000;"Powiat łosicki";3058,17;3280,27;3373,06;3369,26;3638,32;3800,57;3991,20;4486,10;4853,59;5362,58;6090,84;
1411000;"Powiat makowski";3064,46;3169,38;3217,27;3359,63;3593,25;3789,60;4093,31;4461,25;4766,83;5493,65;6268,57;
1412000;"Powiat miński";3238,87;3400,41;3533,17;3600,49;3858,75;4084,49;4373,77;4717,21;5091,06;5785,24;6445,47;
1413000;"Powiat mławski";2824,25;2929,91;3158,83;3262,68;3472,99;3811,03;4244,24;4636,34;4873,48;5385,65;6083,27;
1414000;"Powiat nowodworski";4283,89;4560,17;4714,08;4790,57;5042,02;5486,64;5781,86;6096,33;6814,66;7534,84;8250,46;
1415000;"Powiat ostrołęcki";3248,62;3414,19;3556,24;3584,42;3800,68;4031,87;4281,28;4564,72;4940,39;5661,05;6381,43;
1416000;"Powiat ostrowski";3340,13;3395,05;3398,20;3562,19;3870,99;4020,31;4308,21;4650,41;5168,08;5729,10;6304,42;
1417000;"Powiat otwocki";3629,76;3718,35;3853,17;3952,57;4159,58;4503,30;4983,60;5281,35;5622,45;6468,80;7241,67;
1418000;"Powiat piaseczyński";3892,64;4118,49;4030,78;4149,91;4102,07;4739,75;5120,47;5164,71;5664,70;6499,96;7302,29;
1419000;"Powiat płocki";3212,67;3351,79;3449,24;3509,53;3506,28;4001,91;4332,92;4631,84;5147,98;5772,84;6536,77;
1420000;"Powiat płoński";3370,85;3499,91;3555,74;3696,36;3866,14;4117,68;4421,56;4826,77;5279,65;5660,12;6421,42;
1421000;"Powiat pruszkowski";4726,11;4773,19;5064,05;5153,53;5405,38;5757,06;6124,57;6295,40;6773,28;7516,43;8411,30;
1422000;"Powiat przasnyski";3246,87;3357,77;3485,56;3574,27;3752,91;4025,27;4282,28;4638,79;5095,27;5756,31;6316,92;
1423000;"Powiat przysuski";3142,24;3330,24;3330,53;3423,77;3610,91;3794,10;4148,89;4653,63;5190,17;5564,37;6436,32;
1424000;"Powiat pułtuski";3113,27;3163,84;3165,95;3399,46;3609,92;3838,23;4195,24;4644,71;4975,47;5503,60;6240,56;
1425000;"Powiat radomski";2961,92;3062,57;3130,03;3276,95;3477,49;3687,64;4018,68;4362,35;4859,10;5412,43;6042,37;
1426000;"Powiat siedlecki";3059,64;3202,45;3253,13;3353,98;3522,32;3709,87;4073,76;4503,92;4861,68;5411,82;6084,48;
1427000;"Powiat sierpecki";3161,67;3184,66;3253,31;3393,19;3716,02;3980,58;4163,16;4613,59;4886,81;5505,06;6219,27;
1428000;"Powiat sochaczewski";3770,19;3943,02;4016,39;4171,83;4429,03;4629,40;5098,89;5741,89;6294,23;6994,09;7733,67;
1429000;"Powiat sokołowski";3034,42;3150,12;3568,59;3427,41;3684,06;3992,80;4242,82;4792,94;4932,00;5459,15;6368,58;
1430000;"Powiat szydłowiecki";2950,92;3081,57;3103,03;3329,68;3438,25;3610,92;3859,09;4157,78;4642,61;5271,91;5841,38;
1432000;"Powiat warszawski zachodni";4118,21;4335,48;4525,62;4800,81;5054,09;5375,27;5730,95;5990,54;6524,02;7077,31;7981,78;
1433000;"Powiat węgrowski";3075,59;3256,72;3273,22;3396,09;3570,38;3978,57;4188,07;4589,75;5150,92;5786,65;6615,26;
1434000;"Powiat wołomiński";3504,20;3583,98;3634,53;3851,80;4077,96;4472,81;4790,56;4997,04;5451,36;6065,79;6910,12;
1435000;"Powiat wyszkowski";3138,01;3481,56;3370,96;3512,07;3761,07;3908,90;4110,84;4404,79;4816,43;5551,98;6264,25;
1436000;"Powiat zwoleński";3204,57;3350,45;3365,55;3480,17;3733,31;4026,66;4181,55;4508,69;4990,00;5638,92;6376,01;
1437000;"Powiat żuromiński";3000,90;3073,81;3181,04;3232,13;3446,49;3576,47;3855,91;4384,30;4781,49;5390,60;6064,88;
1438000;"Powiat żyrardowski";3624,61;3924,18;4003,47;4025,65;4254,63;4535,22;4745,14;5113,05;5645,54;6403,00;7232,39;
1461000;"Powiat m. Ostrołęka";3912,91;4005,26;4108,75;4349,17;4481,69;4832,05;5175,65;5712,81;6091,07;6673,91;7571,74;
1462000;"Powiat m. Płock";4799,33;4926,26;5078,16;5238,34;5474,96;5705,32;6091,56;6526,04;7167,40;7898,47;9151,56;
1463000;"Powiat m. Radom";3523,34;3598,94;3743,89;3851,41;4123,36;4388,04;4684,64;5033,24;5626,71;6182,33;7041,60;
1464000;"Powiat m. Siedlce";3533,39;3647,76;3752,28;3965,66;4130,35;4364,06;4857,69;5187,54;5707,14;6234,01;7024,63;
1465000;"Powiat m. st. Warszawa";5226,05;5385,80;5591,46;5739,61;6059,04;6432,78;6802,60;7147,46;7687,58;8540,11;9625,74;
1601000;"Powiat brzeski";3198,10;3400,47;3546,88;3642,69;3858,63;4227,04;4546,01;4825,14;5157,08;5723,46;6555,17;
1602000;"Powiat głubczycki";3185,50;3299,08;3354,70;3495,36;3658,51;3924,49;4341,64;4703,75;5181,69;5978,21;6876,31;
1603000;"Powiat kędzierzyńsko-kozielski";4010,56;4241,22;4444,99;4627,08;4811,98;4928,19;5204,96;5572,19;6015,26;6760,49;7528,75;
1604000;"Powiat kluczborski";3236,92;3381,34;3529,72;3641,66;3939,54;4159,52;4291,66;4777,86;5108,36;5681,23;6450,59;
1605000;"Powiat krapkowicki";3881,81;4125,02;4183,01;4270,15;4462,89;4858,78;5156,01;5548,87;5787,32;6424,68;7254,86;
1606000;"Powiat namysłowski";3278,50;3446,82;3609,87;3724,71;3905,34;4176,14;4502,51;4807,10;5293,47;5829,33;6620,13;
1607000;"Powiat nyski";3117,30;3227,41;3337,24;3440,51;3631,95;3875,88;4218,98;4637,57;5053,60;5717,73;6422,66;
1608000;"Powiat oleski";3086,82;3178,31;3321,49;3407,23;3636,42;3827,13;4176,75;4479,24;4916,44;5527,82;6255,53;
1609000;"Powiat opolski";3022,58;3210,87;3376,90;3549,59;3653,33;4018,89;4371,57;4720,08;5101,21;5740,58;6431,26;
1610000;"Powiat prudnicki";3216,69;3265,40;3329,80;3464,23;3609,33;3847,86;4101,26;4446,16;4808,55;5463,74;6491,85;
1611000;"Powiat strzelecki";3292,79;3434,30;3575,74;3699,13;3965,93;4049,69;4494,88;4854,78;5238,85;6081,35;6878,52;
1661000;"Powiat m. Opole";3872,66;4009,85;4225,15;4378,37;4615,56;4797,19;5147,55;5523,14;6011,09;6560,39;7516,59;
1801000;"Powiat bieszczadzki";3237,17;3378,84;3448,24;3588,01;3726,11;3972,47;4270,42;4445,97;5297,99;5747,22;6326,11;
1802000;"Powiat brzozowski";2964,62;3077,51;3162,84;3285,48;3476,04;3714,87;3915,60;4206,54;4619,14;5049,05;5779,73;
1803000;"Powiat dębicki";3165,79;3290,06;3401,58;3525,09;3746,14;3965,70;4304,06;4631,33;5047,12;5507,67;6182,14;
1804000;"Powiat jarosławski";3328,63;3438,32;3546,57;3711,73;3728,42;3958,11;4245,21;4541,33;4926,98;5308,03;6081,53;
1805000;"Powiat jasielski";3038,82;3138,20;3262,91;3365,86;3569,68;3813,37;4117,45;4560,20;4953,43;5453,40;6179,28;
1806000;"Powiat kolbuszowski";2929,58;3038,55;3112,52;3309,67;3423,86;3611,09;3924,85;4220,93;4624,19;5082,42;5770,90;
1807000;"Powiat krośnieński";2887,05;2958,89;3021,31;3121,37;3251,14;3498,74;3790,78;4050,39;4432,75;4841,46;5553,11;
1808000;"Powiat leżajski";3146,29;3225,11;3302,16;3400,62;3606,75;3843,24;4150,73;4435,95;4829,48;5374,02;6013,13;
1809000;"Powiat lubaczowski";2951,96;3058,68;3168,23;3248,35;3383,62;3640,18;3842,69;4214,71;4600,59;5116,12;5984,93;
1810000;"Powiat łańcucki";2890,03;3008,61;3115,76;3236,11;3414,92;3621,06;3896,00;4327,10;4735,69;5344,40;5930,62;
1811000;"Powiat mielecki";3329,68;3485,31;3532,30;3699,88;4000,48;4289,29;4532,27;4729,31;5233,93;5845,43;6434,27;
1812000;"Powiat niżański";2890,57;2978,46;3017,94;3097,08;3248,21;3475,10;3793,53;4197,13;4530,20;5022,68;5686,54;
1813000;"Powiat przemyski";3036,69;3135,55;3195,46;3297,50;3447,08;3582,09;3784,27;4126,82;4472,14;5052,75;5709,00;
1814000;"Powiat przeworski";2931,78;2977,07;3130,09;3195,80;3336,59;3622,54;3936,52;4255,41;4697,54;5110,08;5818,63;
1815000;"Powiat ropczycko-sędziszowski";3138,68;3236,75;3365,62;3472,89;3675,99;3898,22;4216,57;4401,73;4730,10;5343,80;6169,80;
1816000;"Powiat rzeszowski";3070,98;3200,41;3333,91;3520,65;3693,03;3979,24;4304,89;4614,22;4995,32;5684,10;6505,42;
1817000;"Powiat sanocki";3078,45;3153,53;3251,52;3389,95;3626,55;3874,15;4160,41;4431,17;4903,78;5266,08;6027,66;
1818000;"Powiat stalowowolski";3360,58;3513,55;3651,26;3809,71;4049,03;4272,16;4611,67;4777,46;5263,24;5817,58;6705,72;
1819000;"Powiat strzyżowski";2786,37;2891,28;2990,08;3088,30;3209,49;3459,69;3686,34;4052,65;4406,16;4831,84;5641,69;
1820000;"Powiat tarnobrzeski";3326,40;3496,49;3531,20;3636,86;3879,26;4150,05;4329,59;4723,98;5181,79;5746,03;6404,66;
1821000;"Powiat leski";3283,39;3361,02;3504,61;3712,64;3945,70;4172,71;4450,43;4832,85;5247,07;5831,15;6434,16;
1861000;"Powiat m. Krosno";2980,59;3099,79;3266,12;3438,78;3608,07;3875,04;4217,51;4424,93;4981,20;5420,94;6135,13;
1862000;"Powiat m. Przemyśl";3325,50;3407,88;3501,18;3628,24;3633,05;3828,38;4078,09;4522,95;5100,21;5454,18;6251,54;
1863000;"Powiat m. Rzeszów";3859,86;4087,48;4231,81;4319,48;4510,48;4802,41;5117,26;5518,24;6072,54;6508,96;7428,94;
1864000;"Powiat m. Tarnobrzeg";3200,51;3195,25;3284,02;3395,51;3610,23;3808,19;4146,90;4578,25;5062,44;5478,64;6266,91;
2001000;"Powiat augustowski";3577,16;3667,63;3761,95;3816,77;4024,64;4262,39;4634,41;5009,19;5452,84;6050,82;6705,11;
2002000;"Powiat białostocki";3098,95;3227,35;3338,72;3443,05;3614,69;3923,93;4189,60;4456,25;4979,46;5597,60;6296,44;
2003000;"Powiat bielski";3988,22;3938,92;3924,61;4272,54;4659,62;4953,29;5295,45;5547,83;6292,55;6839,68;7541,54;
2004000;"Powiat grajewski";3781,24;3958,15;3984,35;4017,84;4329,42;4556,32;4758,98;4970,21;5526,33;6144,83;6782,16;
2005000;"Powiat hajnowski";3317,56;3538,52;3715,52;3783,18;4149,69;4389,58;4690,11;5165,59;5821,15;6773,76;6831,47;
2006000;"Powiat kolneński";3208,86;3314,55;3393,65;3536,15;3683,54;3859,50;4089,17;4475,28;4825,66;5471,56;6250,52;
2007000;"Powiat łomżyński";3409,11;3525,59;3708,32;3837,54;4066,19;4368,68;4589,37;5174,98;5432,47;6087,64;7019,38;
2008000;"Powiat moniecki";3272,87;3358,70;3364,02;3483,37;3651,65;3933,72;4216,50;4601,73;4979,24;5531,47;6314,59;
2009000;"Powiat sejneński";3380,72;3425,25;3564,40;3686,01;3825,14;4092,18;4327,40;4486,11;4537,00;6308,40;7487,35;
2010000;"Powiat siemiatycki";3016,98;3157,37;3220,48;3345,77;3581,00;3773,68;4231,02;4473,99;4834,47;5439,21;6192,78;
2011000;"Powiat sokólski";3204,46;3339,03;3408,27;3499,04;3662,06;3951,21;4200,08;4528,86;4968,42;5506,16;6226,76;
2012000;"Powiat suwalski";2975,50;3114,10;3120,95;3173,63;3556,25;3762,50;3871,65;4201,41;4724,29;5323,60;6099,96;
2013000;"Powiat wysokomazowiecki";3373,05;3421,03;3552,72;3735,63;4225,48;4416,09;4733,72;5071,35;5395,07;6070,52;6748,30;
2014000;"Powiat zambrowski";3194,29;3380,00;3473,68;3660,67;3933,11;4196,08;4371,63;4775,36;5085,38;5601,17;6505,09;
2061000;"Powiat m. Białystok";3627,02;3706,73;3844,68;3967,71;4164,59;4396,32;4744,13;5126,79;5650,97;6183,98;7089,31;
2062000;"Powiat m. Łomża";3120,07;3207,62;3338,23;3444,02;3665,03;4056,02;4417,66;4872,37;5352,29;5827,01;6702,05;
2063000;"Powiat m. Suwałki";3125,48;3260,75;3435,66;3493,66;3716,08;4006,38;4297,01;4562,69;4966,63;5547,59;6329,52;
2201000;"Powiat bytowski";3133,22;3310,31;3447,30;3602,02;3817,07;4214,69;4489,50;4905,51;5373,68;5961,47;6650,73;
2202000;"Powiat chojnicki";2941,87;3043,10;3133,05;3275,78;3479,72;3761,95;4051,60;4395,70;4805,13;5433,86;6114,44;
2203000;"Powiat człuchowski";3170,99;3267,55;3384,44;3480,17;3697,11;3979,20;4292,17;4569,32;5002,55;5613,05;6355,73;
2204000;"Powiat gdański";3408,99;3646,31;3806,02;3950,76;4191,00;4438,86;4678,84;5014,67;5484,63;6466,20;6959,38;
2205000;"Powiat kartuski";3110,80;3217,20;3275,79;3477,69;3717,51;3957,61;4239,41;4508,01;4933,56;5651,36;6298,93;
2206000;"Powiat kościerski";2919,89;3004,92;3117,95;3285,04;3433,93;3720,35;3966,09;4328,66;4810,12;5458,75;6159,34;
2207000;"Powiat kwidzyński";3524,89;3675,82;3771,88;3890,63;4097,28;4362,36;4567,79;4824,01;5205,22;5839,35;6579,01;
2208000;"Powiat lęborski";3292,33;3459,86;3554,76;3705,38;3918,71;4203,78;4493,51;4800,59;5316,30;5918,89;6600,16;
2209000;"Powiat malborski";3387,60;3375,47;3408,03;3496,46;3694,08;3868,76;4239,59;4559,54;4873,92;5340,19;6077,46;
2210000;"Powiat nowodworski";3209,61;3350,00;3422,12;3563,66;3846,11;4065,87;4369,99;4735,14;5077,72;5749,44;6456,26;
2211000;"Powiat pucki";3361,03;3505,43;3584,09;3779,75;3942,25;4198,77;4402,51;4741,10;5205,94;5893,38;6686,91;
2212000;"Powiat słupski";3128,75;3409,29;3497,25;3642,86;3870,93;4149,86;4391,83;4696,62;5105,88;5628,96;6357,82;
2213000;"Powiat starogardzki";3388,99;3443,68;3560,38;3643,85;4026,19;4323,80;4543,48;4969,91;5635,66;6430,22;7046,42;
2214000;"Powiat tczewski";3626,76;3766,37;3821,28;3960,08;4242,41;4392,16;4663,54;5031,71;5455,53;6105,39;6836,04;
2215000;"Powiat wejherowski";3194,41;3302,51;3441,57;3554,31;3763,49;4046,77;4306,07;4620,89;5056,01;5557,82;6276,90;
2216000;"Powiat sztumski";3261,74;3461,78;3455,74;3512,00;3709,56;3982,12;4306,45;4719,00;4984,90;5597,89;6362,83;
2261000;"Powiat m. Gdańsk";4562,66;4814,14;4992,14;5118,59;5312,48;5642,00;6154,35;6490,53;7084,42;7876,68;8915,97;
2262000;"Powiat m. Gdynia";4298,33;4457,62;4566,82;4798,54;5045,45;5347,46;5624,49;5848,66;6298,57;6985,73;7890,40;
2263000;"Powiat m. Słupsk";3330,92;3384,58;3478,22;3620,36;3840,62;4057,24;4287,66;4841,90;5375,69;5904,49;6870,69;
2264000;"Powiat m. Sopot";4500,07;4646,29;4836,93;5104,38;5313,49;5700,74;6064,20;6529,10;7331,15;7701,83;8478,32;
2401000;"Powiat będziński";3228,89;3281,19;3451,24;3586,29;3822,99;4066,61;4360,09;4643,65;5088,35;5671,96;6502,13;
2402000;"Powiat bielski";3342,60;3453,12;3613,20;3739,69;3999,45;4210,20;4564,32;4819,89;5205,16;5875,70;6612,98;
2403000;"Powiat cieszyński";3177,66;3293,73;3455,64;3565,79;3773,12;4107,37;4395,74;4660,69;5109,39;5838,18;6529,01;
2404000;"Powiat częstochowski";2939,83;3097,47;3209,23;3372,48;3640,22;3922,86;4310,92;4603,86;5015,76;5774,96;6483,73;
2405000;"Powiat gliwicki";3151,80;3249,88;3420,49;3564,05;3812,53;4152,62;4432,82;4696,57;5062,72;6067,07;6931,46;
2406000;"Powiat kłobucki";2793,04;2871,64;2978,56;3070,12;3275,42;3463,10;3683,38;4087,42;4435,67;5132,42;6030,62;
2407000;"Powiat lubliniecki";3175,83;3304,27;3411,51;3558,10;3729,86;4296,91;4316,81;4660,07;5038,72;5685,44;6427,79;
2408000;"Powiat mikołowski";3333,56;3431,97;3657,03;3753,81;3899,02;4182,15;4611,31;5002,48;5294,33;5957,61;6733,88;
2409000;"Powiat myszkowski";3076,94;3171,04;3331,77;3454,79;3730,50;4029,82;4414,28;4532,46;5006,82;5629,12;6303,39;
2410000;"Powiat pszczyński";3148,91;3254,73;3372,27;3465,69;3588,61;4031,68;4426,94;4674,30;5270,28;5980,40;6607,42;
2411000;"Powiat raciborski";3422,60;3579,20;3735,23;3864,61;4143,91;4492,30;4814,65;5199,24;5907,56;6823,09;7283,63;
2412000;"Powiat rybnicki";3345,95;3508,61;3624,92;3685,58;4130,78;4073,76;4417,88;4686,71;5078,82;5660,84;6596,65;
2413000;"Powiat tarnogórski";3194,01;3307,26;3569,46;3745,06;3969,09;4364,71;4658,86;4858,37;5320,63;6218,12;7145,99;
2414000;"Powiat bieruńsko-lędziński";3463,60;3621,81;3657,77;3791,25;3987,44;4310,64;4545,54;4649,07;5054,59;5620,67;6356,50;
2415000;"Powiat wodzisławski";3000,56;3139,42;3211,61;3261,93;3448,06;3725,84;4031,73;4323,10;4708,55;5478,76;6189,57;
2416000;"Powiat zawierciański";3301,47;3507,52;3681,04;3840,22;4023,65;4368,35;4633,87;5001,44;5807,30;6438,58;6855,49;
2417000;"Powiat żywiecki";3845,17;4067,79;4059,16;4100,84;4515,28;4577,28;4766,30;5011,50;5437,65;6015,37;6593,79;
2461000;"Powiat m. Bielsko-Biała";3781,12;3930,33;4071,65;4245,15;4446,37;4731,61;5101,34;5321,66;5789,65;6434,35;7231,58;
2462000;"Powiat m. Bytom";3464,46;3542,70;4050,32;4024,91;4054,04;4322,58;4770,54;5117,47;5562,14;6303,49;7206,77;
2463000;"Powiat m. Chorzów";3540,84;3638,84;3754,13;3904,00;4087,57;4311,91;4656,18;4910,73;5282,22;5954,04;6555,69;
2464000;"Powiat m. Częstochowa";3445,39;3526,81;3644,53;3743,93;3954,16;4222,51;4547,34;4875,71;5307,19;6018,76;6715,44;
2465000;"Powiat m. Dąbrowa Górnicza";4324,15;4445,38;4613,23;4802,04;5096,32;5451,26;5632,06;5811,72;6360,81;7271,87;8029,95;
2466000;"Powiat m. Gliwice";4329,27;4482,68;4726,43;4832,33;5117,17;5451,31;5889,99;6164,02;6698,45;7469,70;8391,75;
2467000;"Powiat m. Jastrzębie-Zdrój";6384,43;6536,76;6182,71;6131,62;6609,12;8121,08;8443,25;8377,01;8987,51;0,00;0,00;
2468000;"Powiat m. Jaworzno";4704,74;4714,66;5333,82;5314,60;5370,16;5848,34;5831,21;5976,30;6435,97;7568,06;8417,97;
2469000;"Powiat m. Katowice";5270,37;5199,41;5262,02;5274,86;5290,36;5698,98;6175,80;6525,94;6924,74;8017,49;9105,52;
2470000;"Powiat m. Mysłowice";3618,74;3704,34;3787,80;3872,43;4074,53;4294,85;4627,91;4763,73;5216,97;5754,97;6438,78;
2471000;"Powiat m. Piekary Śląskie";3329,31;3594,01;3958,91;4235,29;4619,75;4868,16;5189,69;5375,03;5732,54;6550,47;7654,72;
2472000;"Powiat m. Ruda Śląska";3395,43;3438,13;3577,97;3719,66;3906,09;4081,18;4422,77;4816,21;5318,24;6006,82;6668,08;
2473000;"Powiat m. Rybnik";3507,69;3607,45;3762,40;3884,81;4122,16;4400,84;4784,77;4987,77;5447,31;6135,40;6938,12;
2474000;"Powiat m. Siemianowice Śląskie";3471,73;3625,95;3700,78;3844,70;4116,13;4380,81;4672,11;5005,69;5389,44;5955,67;6887,29;
2475000;"Powiat m. Sosnowiec";3480,50;3624,37;3706,45;3770,76;4139,10;4385,51;4754,35;5008,83;5551,62;6126,60;6973,22;
2476000;"Powiat m. Świętochłowice";3022,76;3145,07;3260,66;3353,91;3595,13;3915,87;4316,83;4609,16;4816,93;5653,41;6361,63;
2477000;"Powiat m. Tychy";3691,88;3819,32;4011,32;4141,97;4437,20;4630,83;4916,90;5269,32;5586,31;6236,50;7163,78;
2478000;"Powiat m. Zabrze";3673,41;3835,40;3955,12;4029,87;4202,39;4490,42;4980,04;5232,59;5824,86;6511,57;7438,82;
2479000;"Powiat m. Żory";3391,95;3534,18;3613,55;3747,77;3890,07;4263,76;4577,92;4781,16;5195,58;5747,61;6560,84;
2601000;"Powiat buski";3062,17;3158,01;3301,87;3400,24;3587,24;3846,44;4165,07;4375,49;4912,74;5412,76;6202,45;
2602000;"Powiat jędrzejowski";3629,28;3811,90;3900,83;3994,49;4177,28;4440,95;4717,56;4969,29;5350,78;5829,63;6607,59;
2603000;"Powiat kazimierski";3001,17;3055,63;3142,99;3240,31;3311,99;3544,35;3794,18;4235,96;4616,89;5097,28;5821,56;
2604000;"Powiat kielecki";3045,00;3095,16;3246,51;3289,77;3477,48;3777,02;4056,90;4355,66;4789,44;5289,72;5989,91;
2605000;"Powiat konecki";3157,76;3260,47;3355,31;3492,59;3585,89;3943,80;4188,50;4481,58;4922,90;5493,64;6106,87;
2606000;"Powiat opatowski";3085,06;3154,31;3255,65;3278,64;3456,29;3692,26;3939,62;4269,94;4619,32;5106,84;5804,43;
2607000;"Powiat ostrowiecki";3154,96;3225,91;3342,45;3423,02;3596,74;3813,50;4129,16;4448,08;4912,01;5388,69;6179,43;
2608000;"Powiat pińczowski";3130,97;3246,61;3349,30;3460,81;3673,89;3925,26;4145,06;4445,79;4885,52;5811,36;6467,94;
2609000;"Powiat sandomierski";3415,98;3526,06;3665,14;3753,75;3978,62;4359,40;4656,65;4966,33;5414,24;5954,75;6781,04;
2610000;"Powiat skarżyski";3280,83;3395,64;3448,29;3629,75;3859,44;3965,25;4399,33;4758,09;5118,05;5704,16;6633,92;
2611000;"Powiat starachowicki";3083,87;3199,99;3387,74;3444,11;4117,89;4170,22;4481,58;4690,70;5500,36;5730,06;6426,80;
2612000;"Powiat staszowski";3470,07;3589,54;3760,61;3939,91;4042,49;4271,73;4516,27;4825,77;5167,98;5856,73;6829,75;
2613000;"Powiat włoszczowski";3307,07;3382,92;3510,22;3591,87;3760,86;4089,25;4459,58;4722,28;5238,84;5982,40;6814,57;
2661000;"Powiat m. Kielce";3597,04;3669,64;3845,52;3920,24;4197,40;4493,16;4879,19;5218,61;5648,73;6185,40;7062,45;
2801000;"Powiat bartoszycki";3145,53;3269,83;3314,71;3449,70;3637,30;3779,51;4015,63;4589,11;4953,67;5411,23;6122,19;
2802000;"Powiat braniewski";3110,02;3208,18;3241,42;3352,72;3559,55;3713,26;4082,77;4460,29;4875,92;5368,32;6027,94;
2803000;"Powiat działdowski";2946,62;3045,94;3180,05;3302,85;3449,37;3698,59;3878,46;4145,80;4657,91;5273,63;6074,09;
2804000;"Powiat elbląski";3030,43;3113,02;3199,49;3323,73;3446,29;3735,95;3920,89;4268,29;4690,74;5206,08;5875,00;
2805000;"Powiat ełcki";3086,41;3164,08;3184,73;3286,44;3477,88;3693,95;4008,98;4364,74;4764,65;5238,03;6016,73;
2806000;"Powiat giżycki";3071,80;3273,35;3369,69;3446,45;3663,45;3901,14;4170,90;4515,13;4901,26;5498,08;6247,30;
2807000;"Powiat iławski";2955,21;3026,10;3172,70;3307,79;3455,52;3648,02;3892,75;4219,71;4557,38;5080,82;5813,96;
2808000;"Powiat kętrzyński";2920,07;3034,16;3165,43;3256,93;3467,16;3714,64;4039,89;4560,67;4881,27;5244,28;5812,87;
2809000;"Powiat lidzbarski";2969,52;3105,88;3248,95;3350,85;3445,72;3695,19;3947,00;4356,34;4700,72;5155,53;5937,86;
2810000;"Powiat mrągowski";2940,69;3037,05;3077,81;3193,85;3353,74;3594,78;3904,20;4311,00;4714,65;5298,87;5996,73;
2811000;"Powiat nidzicki";2876,70;2976,78;3079,14;3205,87;3334,80;3596,12;3853,58;4207,91;4657,75;5130,03;5748,08;
2812000;"Powiat nowomiejski";2819,36;2938,87;2878,10;3013,66;3221,93;3439,34;3732,36;3971,83;4342,17;4668,60;5242,25;
2813000;"Powiat olecki";3088,10;3251,89;3357,05;3430,34;3647,08;3877,74;4143,90;4438,76;4920,30;5397,85;6079,37;
2814000;"Powiat olsztyński";3259,80;3370,10;3559,63;3635,09;3781,68;4049,63;4367,81;4823,92;5205,74;5865,11;6561,71;
2815000;"Powiat ostródzki";3003,92;3122,59;3175,96;3392,59;3680,36;3926,12;4160,33;4440,69;4851,18;5403,55;6075,06;
2816000;"Powiat piski";3137,65;3271,93;3445,13;3561,61;3791,39;3944,22;4280,99;4633,18;4968,35;5580,91;6368,76;
2817000;"Powiat szczycieński";3242,04;3412,21;3482,48;3538,21;3699,06;3874,73;4177,74;4523,23;4946,10;5503,25;6197,95;
2818000;"Powiat gołdapski";2775,90;2956,47;3045,01;3149,86;3328,33;3542,46;3882,07;4227,65;4683,51;5136,51;5876,11;
2819000;"Powiat węgorzewski";2900,60;2983,79;3088,51;3160,33;3379,54;3515,17;3844,48;4314,62;4766,72;5338,94;6238,76;
2861000;"Powiat m. Elbląg";3488,01;3620,55;3687,80;3806,42;4044,35;4287,12;4512,03;4952,59;5423,69;5900,22;6801,75;
2862000;"Powiat m. Olsztyn";3795,30;3954,40;4104,05;4254,72;4427,76;4648,58;5018,92;5438,71;5902,66;6506,02;7386,70;
3001000;"Powiat chodzieski";3226,41;3303,09;3488,04;3532,53;3713,90;4079,72;4353,18;4550,77;5006,64;5542,99;6157,04;
3002000;"Powiat czarnkowsko-trzcianecki";3226,12;3410,14;3506,61;3699,41;3967,42;4299,93;4535,39;4869,30;5327,99;5808,58;6431,04;
3003000;"Powiat gnieźnieński";3143,38;3253,35;3386,42;3528,01;3774,18;4015,45;4265,39;4658,83;5162,09;5631,02;6326,21;
3004000;"Powiat gostyński";3238,49;3282,64;3415,02;3557,77;3760,40;4011,63;4316,45;4698,58;5174,68;5738,30;6455,99;
3005000;"Powiat grodziski";2945,14;2976,94;2931,27;3006,21;3316,55;3687,82;4017,37;4433,04;4675,12;5493,60;6233,27;
3006000;"Powiat jarociński";2729,43;2803,80;2898,12;3066,45;3340,73;3612,51;3897,09;4193,08;4720,74;5391,40;6018,31;
3007000;"Powiat kaliski";2826,99;3007,45;3035,70;3145,60;3353,48;3606,01;3970,36;4195,22;4553,66;5201,09;5987,02;
3008000;"Powiat kępiński";2456,46;2544,18;2568,52;2658,47;2960,24;3183,34;3537,58;3872,06;4244,56;4687,66;5319,34;
3009000;"Powiat kolski";3582,55;3624,38;3696,10;3808,90;4035,50;4183,24;4492,22;4895,57;5346,81;5976,51;6552,92;
3010000;"Powiat koniński";3297,59;3328,35;3319,18;3335,85;3439,22;3608,15;3795,47;4184,77;4457,33;4988,03;5665,09;
3011000;"Powiat kościański";3149,89;3257,11;3398,70;3491,93;3718,79;4085,02;4383,66;4582,74;5127,41;5931,56;6677,52;
3012000;"Powiat krotoszyński";2807,81;2849,87;2931,62;3202,47;3478,90;3722,41;3670,08;4020,71;4285,52;4772,92;5440,35;
3013000;"Powiat leszczyński";3533,58;3678,43;3812,62;3924,99;4213,65;4304,66;4578,34;4953,38;5274,63;6002,93;6713,55;
3014000;"Powiat międzychodzki";2996,65;3172,75;3207,93;3406,58;3623,06;3880,47;4097,52;4519,70;4891,36;5620,61;6176,39;
3015000;"Powiat nowotomyski";3283,41;3466,29;3547,42;3768,93;3989,83;4319,19;4434,29;4807,23;5215,49;5753,37;6461,00;
3016000;"Powiat obornicki";3214,37;3595,79;3620,93;3867,54;4101,05;4259,36;4484,38;4854,35;5236,25;5821,90;6446,61;
3017000;"Powiat ostrowski";3086,65;3212,43;3357,37;3576,57;3764,42;4080,99;4303,12;4542,09;4944,70;5499,39;6197,61;
3018000;"Powiat ostrzeszowski";3032,51;3193,68;3338,34;3509,40;3713,45;3905,96;4195,18;4488,82;4936,59;5479,65;6071,58;
3019000;"Powiat pilski";3539,58;3635,85;3569,05;3772,08;4006,13;4383,06;4628,67;4928,72;5371,98;6004,37;6794,93;
3020000;"Powiat pleszewski";3079,05;3190,51;3308,08;3399,21;3621,86;3869,29;4220,36;4471,48;4921,89;5559,50;6214,03;
3021000;"Powiat poznański";3513,25;3520,37;3676,21;3855,60;4018,59;4241,36;4624,14;4776,27;5054,35;5737,99;6458,00;
3022000;"Powiat rawicki";2829,57;2920,61;3045,68;3182,07;3442,45;3737,75;3976,06;4357,75;4698,39;5294,49;6006,06;
3023000;"Powiat słupecki";2951,09;3093,66;3171,47;3317,41;3564,41;3862,22;4166,29;4690,36;4990,83;5450,67;6063,01;
3024000;"Powiat szamotulski";3821,96;3817,63;3975,80;4196,53;4482,73;4680,51;5000,11;5274,57;5726,53;6309,72;6930,64;
3025000;"Powiat średzki";3310,35;3466,94;3626,56;3785,23;4102,74;4440,62;4718,06;5004,44;5473,17;6078,30;6736,22;
3026000;"Powiat śremski";3060,02;3108,41;3250,33;3411,22;3639,72;3861,64;4154,88;4480,42;4935,64;5376,46;6062,53;
3027000;"Powiat turecki";2959,12;3025,00;2999,24;3167,19;3391,97;3579,72;3862,59;4266,25;4404,21;5049,40;5751,05;
3028000;"Powiat wągrowiecki";3074,53;3135,77;3346,90;3488,88;3679,03;3912,65;4177,82;4491,29;4879,33;5319,73;6130,17;
3029000;"Powiat wolsztyński";2812,19;3013,55;3189,94;3315,96;3517,60;3856,99;4122,57;4489,74;4899,60;5635,22;6226,06;
3030000;"Powiat wrzesiński";3083,46;3264,85;3406,61;3607,50;3928,55;4246,77;4534,94;4779,96;5142,47;5758,50;6441,44;
3031000;"Powiat złotowski";2969,30;3019,42;3114,52;3221,67;3397,81;3553,95;3823,24;4041,17;4301,59;4964,93;5550,19;
3061000;"Powiat m. Kalisz";3264,40;3395,84;3532,30;3648,00;3889,60;4124,83;4430,37;4718,01;5158,07;5781,36;6617,76;
3062000;"Powiat m. Konin";3546,68;3653,29;3790,14;3785,02;3930,94;4215,68;4512,50;4858,06;5369,58;5913,95;6634,81;
3063000;"Powiat m. Leszno";3225,98;3362,89;3427,70;3406,02;3745,94;4083,89;4271,73;4824,14;5000,33;5831,34;6736,54;
3064000;"Powiat m. Poznań";4256,82;4354,40;4549,11;4770,94;5062,37;5355,57;5713,03;6104,97;6662,69;7362,74;8303,38;
3201000;"Powiat białogardzki";3185,19;3340,94;3394,74;3607,49;3756,70;4093,01;4287,47;4672,61;5146,91;5746,07;6472,12;
3202000;"Powiat choszczeński";3163,56;3305,47;3397,02;3514,69;3775,03;3951,70;4160,89;4599,57;4981,01;5575,63;6256,58;
3203000;"Powiat drawski";2909,17;2999,87;3068,19;3197,08;3402,35;3751,47;3982,85;4416,33;4789,08;5323,36;6073,21;
3204000;"Powiat goleniowski";3411,12;3511,95;3681,15;3872,80;4220,58;4574,30;4775,51;5102,94;5439,72;5991,11;6734,89;
3205000;"Powiat gryficki";2935,53;3057,57;3184,98;3333,02;3500,89;3776,55;4052,14;4388,97;4745,48;5364,42;6157,01;
3206000;"Powiat gryfiński";3327,05;3399,34;3534,88;3682,14;3848,29;4170,81;4465,67;4898,41;5297,93;5878,75;6665,53;
3207000;"Powiat kamieński";3041,77;3123,30;3201,23;3329,25;3525,59;3706,74;4034,80;4304,58;4623,87;5326,89;6058,19;
3208000;"Powiat kołobrzeski";3199,39;3311,54;3391,16;3504,44;3751,26;3988,20;4331,04;4575,02;5000,76;5585,13;6427,16;
3209000;"Powiat koszaliński";3200,10;3310,28;3430,31;3558,15;3677,01;3919,20;4204,61;4616,89;5100,02;5601,77;6355,69;
3210000;"Powiat myśliborski";3315,48;3344,71;3382,88;3543,66;3810,17;3956,46;4206,22;4503,53;4927,15;5671,63;6403,68;
3211000;"Powiat policki";4006,56;4139,86;4309,12;4506,56;4624,12;4908,94;5169,21;5535,45;5844,37;6622,81;7366,79;
3212000;"Powiat pyrzycki";2964,75;3091,46;3189,06;3429,38;3612,65;3923,66;4134,08;4428,81;5265,00;5694,42;6341,32;
3213000;"Powiat sławieński";2958,67;3057,18;3120,70;3252,37;3472,79;3770,34;4010,20;4350,66;4747,64;5260,40;5911,21;
3214000;"Powiat stargardzki";3274,44;3328,64;3523,62;3609,29;3817,60;4104,49;4460,30;4750,37;5126,31;5605,44;6404,24;
3215000;"Powiat szczecinecki";3355,74;3514,38;3574,91;3705,74;3880,91;4185,96;4452,12;4827,82;5255,69;5799,80;6474,24;
3216000;"Powiat świdwiński";2916,21;3033,78;3162,58;3223,10;3470,74;3703,91;3984,99;4339,70;4704,50;5239,03;6050,51;
3217000;"Powiat wałecki";3228,77;3336,50;3447,21;3557,62;3761,59;4045,65;4363,14;4678,73;5224,57;5886,05;6651,30;
3218000;"Powiat łobeski";3122,22;3289,68;3419,11;3594,16;3662,40;4083,38;4321,83;4713,45;4962,09;5630,58;6257,92;
3261000;"Powiat m. Koszalin";3492,03;3568,03;3644,39;3820,63;3999,59;4184,46;4625,35;4973,23;5496,02;6054,77;6828,27;
3262000;"Powiat m. Szczecin";4029,51;4176,65;4381,58;4539,15;4732,93;5007,48;5408,91;5695,84;6244,67;6943,84;7933,31;
3263000;"Powiat m. Świnoujście";3903,93;4127,79;4344,85;4306,81;4536,08;4779,09;5222,62;5517,68;5564,41;6061,29;6847,78;
